{"val_mf1":76.96411975373596,"val_ua":76.65820868945869,"epoch":100,"mean_test_wa":0.7661636939395475,"mean_val_wa":0.7753550721654805,"train_ua":98.53449675324674,"_wandb":{"runtime":185},"train_wa":98.6835739718858,"train_mf1":98.53863962266806,"alpha":0.1,"learning_rate":2.7e-06,"val_wa":77.45602022840114,"mean_val_wf1":0.7679124273818023,"train_wf1":98.53691960964154,"val_wf1":76.63218438440717,"train_loss":0.04799155119274344,"_runtime":185.093095258,"val_loss":0.823397782113817,"mean_val_ua":0.7681935541310542,"mean_test_wf1":0.7602002763636782,"_step":500,"mean_test_ua":0.760630341880342,"mean_test_uf1":0.7621003348656281,"_timestamp":1.7357216490532994e+09,"mean_val_uf1":0.7711567313324947}