{"_runtime":80.4188318,"val_ua":76.23397435897436,"_timestamp":1.7344175469965317e+09,"_step":199,"train_mf1":97.15657045890663,"val_loss":0.6539148926734925,"train_wa":97.37711330216521,"learning_rate":1.0000000000000006e-10,"epoch":200,"val_wf1":76.10372221537583,"train_wf1":97.1243563979201,"val_wa":78.93398854061708,"train_loss":0.090040387319667,"train_ua":97.11363636363637,"val_mf1":77.10442568765276,"_wandb":{"runtime":80}}