{"val_wa":79.6548531790808,"train_wf1":97.63122917624793,"val_wf1":78.09060251939665,"_wandb":{"runtime":84},"learning_rate":1.0000000000000006e-10,"_step":199,"train_mf1":97.62837287100061,"_runtime":84.8764932,"_timestamp":1.7344181709325023e+09,"train_loss":0.08557071345193046,"train_ua":97.62662337662337,"train_wa":97.82423290966716,"val_loss":0.6754632472991944,"val_ua":78.19711538461537,"epoch":200,"val_mf1":78.86854603269411}