{"train_wf1":98.06210528834,"val_wa":76.56603141275875,"train_ua":98.05113636363637,"val_loss":1.2851510180367365,"epoch":150,"mean_test_wa":0.7290517396283636,"mean_val_uf1":0.7589595748806217,"learning_rate":2.43e-07,"mean_test_ua":0.723571047008547,"_runtime":450.131488566,"val_ua":75.56757478632478,"mean_val_wf1":0.7574309831817747,"_step":750,"alpha":0.7,"train_wa":98.25036084539558,"_wandb":{"runtime":450},"mean_val_ua":0.757474180911681,"mean_test_wf1":0.7238114186993407,"_timestamp":1.735827291425339e+09,"val_wf1":75.55706691466648,"val_mf1":75.71298387812816,"mean_val_wa":0.7653707924063453,"train_mf1":98.03972952886998,"train_loss":0.06622399283306939,"mean_test_uf1":0.7238034248985904}