{"val_ua":77.14743589743588,"_timestamp":1.735469608609712e+09,"_runtime":184.681922734,"val_mf1":77.72129984207581,"val_wf1":77.06289728384576,"alpha":0.7,"mean_val_wa":0.7882778631898988,"val_wa":79.25627011997062,"train_wf1":98.51899581745128,"train_loss":0.05114750883408955,"mean_val_ua":0.7694711538461538,"train_wa":98.62391719324013,"mean_val_uf1":0.7755269042311739,"mean_test_uf1":0.732985063398383,"learning_rate":2.7e-06,"val_loss":0.7147494435310364,"train_mf1":98.5684900458887,"train_ua":98.51948051948052,"_wandb":{"runtime":184},"mean_test_ua":0.7307932692307693,"mean_test_wa":0.7282810175853655,"epoch":100,"mean_val_wf1":0.7692451502080917,"_step":500,"mean_test_wf1":0.7314698814662263}