{"mean_val_wa":0.769004615025261,"train_wa":98.46382428911974,"mean_val_uf1":0.7652577991755124,"alpha":0.1,"val_wf1":76.93260464890804,"_step":750,"mean_val_ua":0.7638488247863248,"learning_rate":2.43e-07,"mean_val_wf1":0.7631057215244959,"_timestamp":1.736514017357387e+09,"train_loss":0.05429604463279247,"val_ua":77.05439814814814,"val_loss":1.1935012605455186,"mean_test_wa":0.735977028457589,"train_wf1":98.30617172323348,"val_mf1":77.15574732566418,"val_wa":77.76160411199379,"mean_test_ua":0.7298299501424501,"train_ua":98.30357142857142,"mean_test_uf1":0.7275503262808197,"_runtime":191.543925887,"epoch":150,"_wandb":{"runtime":191},"mean_test_wf1":0.7282042857547322,"train_mf1":98.31591256782495}