{"epoch":100,"learning_rate":1.0000000000000002e-07,"val_loss":0.7655085682868957,"val_ua":76.74679487179488,"_timestamp":1.7345118719728725e+09,"val_mf1":77.04233274275019,"_runtime":32.6214244,"_wandb":{"runtime":32},"train_ua":96.9346590909091,"train_wa":97.15771328373634,"train_wf1":96.94715552811027,"train_loss":0.10647862383297511,"val_wf1":76.77388971319485,"_step":99,"val_wa":78.09712552040877,"train_mf1":96.98053641456951}