{"mean_val_wf1":0.7604107909884388,"mean_val_uf1":0.7618882093139125,"alpha":0.1,"mean_val_wa":0.767096228834864,"_timestamp":1.7365031118165278e+09,"_step":750,"mean_test_uf1":0.7262734311999008,"train_loss":0.053038470447063446,"_wandb":{"runtime":188},"val_mf1":76.75978144743932,"mean_test_wf1":0.7254371222981548,"val_ua":76.47124287749287,"train_mf1":98.37744355407567,"mean_test_ua":0.7284766737891738,"mean_test_wa":0.7383431475371464,"_runtime":188.848308346,"epoch":150,"mean_val_ua":0.7611200142450142,"val_wa":77.00272656551958,"train_ua":98.36323051948052,"val_wf1":76.43325306797067,"val_loss":1.1850720114178128,"train_wa":98.52939363555706,"learning_rate":2.43e-07,"train_wf1":98.36855318001693}