{"train_ua":98.03571428571428,"val_ua":75.8903133903134,"train_wf1":98.03966622997474,"mean_val_ua":0.7572248931623932,"train_mf1":98.06873892039512,"_wandb":{"runtime":506},"val_wa":76.54599464836316,"train_wa":98.2565509386434,"mean_val_wa":0.7640686412248181,"epoch":150,"mean_val_uf1":0.7587908372664687,"mean_val_wf1":0.7573570795485192,"train_loss":0.060266179218888286,"val_mf1":76.06400216969178,"_timestamp":1.7358278010664318e+09,"alpha":0.9,"mean_test_ua":0.7180778133903134,"mean_test_uf1":0.7177539614037685,"_step":750,"mean_test_wf1":0.7175781045286355,"val_wf1":75.92102338284022,"val_loss":1.1624448498090107,"mean_test_wa":0.7274289142812795,"learning_rate":2.43e-07,"_runtime":506.033318343}