{"_timestamp":1.7365654734105084e+09,"_step":352,"val_mf1":76.83597518840357,"val_wf1":76.41495167557983,"train_wf1":97.96455927223538,"train_loss":0.07317761778831482,"_runtime":101.855562409,"train_ua":97.9614448051948,"train_wa":98.19709293801579,"epoch":53,"_wandb":{"runtime":102},"train_mf1":98.02254212225188,"val_wa":77.13071228702734,"val_ua":76.56472578347578,"learning_rate":3e-05,"val_loss":1.0939290788438585}