{"val_loss":0.9557586974567838,"mean_val_ua":0.7532629985754985,"mean_val_wa":0.7589725572750143,"learning_rate":2.43e-07,"train_ua":98.67573051948054,"_runtime":394.71349625,"train_wa":98.82312533704962,"_step":750,"train_loss":0.0461257345442261,"mean_test_wf1":0.7368663082704985,"train_wf1":98.67858010028846,"epoch":150,"val_ua":75.41176994301995,"mean_test_uf1":0.7394785971468756,"alpha":0.1,"_wandb":{"runtime":394},"val_mf1":75.8274799481654,"val_wa":76.139282068382,"train_mf1":98.68774175034119,"mean_val_uf1":0.7576345625057318,"mean_test_ua":0.7382834757834758,"val_wf1":75.3727951523023,"_timestamp":1.7359169514859369e+09,"mean_test_wa":0.7468303169209293,"mean_val_wf1":0.7535507875445325}