{"_step":500,"alpha":0.1,"val_ua":76.98094729344729,"train_wa":98.1700751738491,"epoch":100,"_runtime":190.502481688,"learning_rate":2.7e-06,"val_wa":77.54127727504844,"_wandb":{"runtime":190},"mean_val_wf1":0.7656587533037241,"_timestamp":1.7356612126407228e+09,"mean_test_wf1":0.7541012802697097,"mean_val_ua":0.765789707977208,"mean_val_wa":0.773905418616844,"train_mf1":97.98006381305999,"mean_test_wa":0.7612467578836573,"val_wf1":77.01311218818125,"mean_test_ua":0.753886217948718,"train_ua":97.98417207792208,"mean_val_uf1":0.7685730832822976,"train_loss":0.06139765243445124,"val_mf1":77.05887803626673,"mean_test_uf1":0.7554647052753193,"val_loss":0.8030807905726962,"train_wf1":97.99452467085827}