{"val_loss":0.8085892796516418,"train_wa":97.56628252212136,"val_wf1":75.25934014222474,"_runtime":75.0966488,"epoch":200,"train_ua":97.38839285714286,"train_loss":0.09486963770219257,"train_wf1":97.397947762869,"train_mf1":97.41483199544813,"val_ua":75.22836538461539,"val_wa":76.49283201226312,"_timestamp":1.7350227117444408e+09,"_wandb":{"runtime":75},"learning_rate":1.0000000000000006e-10,"val_mf1":75.50677225853319,"_step":199}