{"mean_test_wa":0.7385210783511625,"_step":750,"_runtime":230.430830601,"learning_rate":2.43e-07,"mean_val_uf1":0.7582753823361753,"mean_val_ua":0.757011217948718,"mean_val_wf1":0.7568103770535849,"mean_test_uf1":0.730120627335632,"train_wf1":98.64056904329121,"val_wa":75.27450863325839,"mean_val_wa":0.7630741500778901,"epoch":150,"mean_test_ua":0.7298566595441595,"val_mf1":75.08243965818257,"alpha":0.1,"_wandb":{"runtime":230},"val_loss":1.2452523840798273,"mean_test_wf1":0.7294187887275182,"val_wf1":74.96361840947617,"val_ua":74.95325854700855,"_timestamp":1.736574009142996e+09,"train_wa":98.73710713089959,"train_ua":98.63839285714285,"train_mf1":98.58277557865941,"train_loss":0.04538198033613818}