{"mean_test_wa":0.7451433862570338,"alpha":0.7,"train_ua":98.30357142857142,"val_wf1":75.97592728271016,"train_mf1":98.30519470483871,"train_wa":98.46749866979725,"mean_val_wf1":0.7538676285243636,"_wandb":{"runtime":507},"learning_rate":2.43e-07,"mean_val_ua":0.7538506054131054,"train_loss":0.05174290000327996,"val_mf1":76.07262761862302,"mean_test_wf1":0.7328983076694706,"mean_val_uf1":0.7556228152966632,"train_wf1":98.3053571768864,"mean_test_ua":0.733738425925926,"mean_val_wa":0.7613756511115118,"val_wa":76.49169962624994,"val_loss":1.187295291158888,"epoch":150,"_runtime":507.093497958,"val_ua":75.99492521367522,"_timestamp":1.7357540709361818e+09,"mean_test_uf1":0.7344080345384983,"_step":750}