{"_timestamp":1.735722348075371e+09,"train_mf1":98.46872392403644,"val_ua":75.67886396011396,"val_wa":76.65959423877722,"_step":83,"train_loss":0.046176643669605257,"val_wf1":75.62701531825672,"epoch":84,"val_mf1":75.95252684350287,"learning_rate":9e-06,"train_wa":98.66240852738889,"_runtime":36.295742177,"train_ua":98.56412337662339,"_wandb":{"runtime":36},"train_wf1":98.57417274757044,"val_loss":0.8500128388404846}