{"mean_test_ua":0.7383333333333333,"_wandb":{"runtime":205},"train_wa":97.59965135545443,"_timestamp":1.735198950084002e+09,"mean_test_wf1":0.7388327057535424,"mean_val_wf1":0.7627303303756966,"train_wf1":97.4090745179244,"mean_test_wa":0.7441232270797487,"val_mf1":77.93551550035319,"val_ua":77.34477796052632,"_runtime":205.6585421,"alpha":0.1,"mean_val_ua":0.7626912006578948,"val_wf1":77.3857945983753,"epoch":100,"_step":500,"learning_rate":1.0000000000000002e-07,"mean_test_uf1":0.7439714145056101,"train_loss":0.08499187855951247,"train_ua":97.40304324358648,"train_mf1":97.43771098456648,"mean_val_uf1":0.7651006159980757,"mean_val_wa":0.7709751770651396,"val_wa":78.18759901827644,"val_loss":0.7296017333865166}