{"_timestamp":1.7352850052279084e+09,"train_ua":98.43690468630936,"alpha":0.7,"_step":500,"mean_val_uf1":0.7668673702180946,"mean_test_wa":0.7375710912341347,"val_ua":76.10916940789474,"train_mf1":98.452811058871,"val_loss":0.7703479751944542,"epoch":100,"mean_val_wa":0.7737504232445588,"val_wf1":76.03680759087055,"learning_rate":1.0000000000000002e-07,"val_mf1":76.6313380155746,"mean_val_wf1":0.7633466694161232,"_runtime":174.8999254,"mean_test_wf1":0.736341345123856,"val_wa":76.98390283657228,"train_wa":98.50099934013986,"train_wf1":98.43863454355785,"train_loss":0.06337186634059876,"mean_val_ua":0.7634806743421052,"mean_test_ua":0.7367628205128206,"_wandb":{"runtime":174},"mean_test_uf1":0.7388376529993129}