{"val_mf1":76.7083374036034,"epoch":100,"val_wa":78.1193933257966,"_timestamp":1.7345160873665798e+09,"_step":99,"train_mf1":97.98501460261448,"learning_rate":1.0000000000000002e-07,"train_wa":98.13581973012208,"train_ua":97.99147727272727,"val_ua":76.41025641025641,"val_loss":0.7626103639602662,"_runtime":33.4624922,"train_loss":0.07199731490441731,"_wandb":{"runtime":33},"val_wf1":76.44678734591808,"train_wf1":98.00389015778596}