{"mean_val_ua":0.760505698005698,"_runtime":446.531021351,"mean_test_wa":0.7461952620360305,"train_wf1":98.54748333842703,"val_loss":1.2351842721303303,"mean_test_ua":0.734468482905983,"val_mf1":76.87852824867787,"_wandb":{"runtime":446},"mean_test_uf1":0.7348022428461018,"_step":750,"mean_val_uf1":0.7619194776434448,"val_wf1":76.69733809768037,"val_wa":77.11541267399812,"learning_rate":2.43e-07,"mean_val_wa":0.7667119173989233,"mean_test_wf1":0.7336957117769297,"train_loss":0.047409561702183314,"_timestamp":1.7357545212144773e+09,"val_ua":76.65820868945869,"train_wa":98.64461333273952,"epoch":150,"train_ua":98.54180194805195,"mean_val_wf1":0.7604922120091887,"train_mf1":98.49527156088935,"alpha":0.9}