{"alpha":0.1,"_step":500,"train_wa":98.6929494848494,"_timestamp":1.7356678203108726e+09,"mean_test_wf1":0.755040587626042,"_wandb":{"runtime":205},"train_ua":98.58644480519482,"train_loss":0.04627301256571497,"val_loss":0.8376132382286919,"val_wf1":75.89674372067995,"train_wf1":98.58975026862763,"mean_val_wf1":0.762012092995351,"mean_val_ua":0.761872329059829,"learning_rate":2.7e-06,"mean_val_wa":0.7679264970116201,"mean_test_uf1":0.7567554124985723,"_runtime":205.894979965,"mean_test_ua":0.7553374287749287,"val_ua":75.93928062678063,"val_mf1":76.25417146684242,"mean_test_wa":0.7621661084006371,"val_wa":76.76263407022732,"epoch":100,"train_mf1":98.56695960008243,"mean_val_uf1":0.7643539506759514}