{"_timestamp":1.7346180549777844e+09,"epoch":100,"train_wf1":97.14554078000765,"_runtime":53.5939758,"val_ua":78.0849358974359,"val_loss":0.6825281262397767,"train_wa":97.37170614766755,"val_wf1":78.08348437087302,"train_ua":97.14326298701299,"val_mf1":78.41912700873152,"val_wa":79.6265980501406,"train_mf1":97.19823872646184,"learning_rate":1.0000000000000002e-07,"_step":99,"_wandb":{"runtime":53},"train_loss":0.08917173647454807}