{"learning_rate":2.7e-06,"_runtime":188.395318397,"mean_val_ua":0.7666577635327635,"train_loss":0.07083151101001671,"train_ua":97.77556818181817,"mean_test_uf1":0.7554419422551226,"_step":500,"val_loss":0.810272925429874,"mean_test_ua":0.7545673076923077,"val_wa":75.94123440765817,"mean_val_wf1":0.7671535378515062,"alpha":0.7,"mean_val_uf1":0.7695863520280873,"train_wf1":97.78021363790702,"_timestamp":1.73566038238784e+09,"_wandb":{"runtime":188},"val_wf1":75.64135809239995,"train_mf1":97.77606083440767,"mean_test_wa":0.7639310603409853,"val_mf1":75.82650781075972,"epoch":100,"val_ua":75.5920584045584,"train_wa":97.99906371924146,"mean_test_wf1":0.7544980154703873,"mean_val_wa":0.774345414894261}