{"_step":99,"train_ua":97.03896103896103,"train_wa":97.26042450831464,"_timestamp":1.7345118359213314e+09,"val_wa":77.87869193493798,"train_mf1":97.0724792995813,"epoch":100,"_wandb":{"runtime":32},"val_ua":76.72275641025641,"val_loss":0.7786232948303222,"val_mf1":76.87995407392442,"val_wf1":76.76172694579874,"learning_rate":1.0000000000000002e-07,"train_loss":0.09941678047180176,"_runtime":32.5069368,"train_wf1":97.04938779136587}