{"epoch":72,"val_wa":76.80294580506553,"val_ua":76.4534366096866,"_wandb":{"runtime":104},"val_mf1":76.58223854813563,"train_loss":0.06432059218308755,"train_ua":97.94683441558442,"_step":371,"val_loss":1.1776198811001248,"val_wf1":76.40904306638515,"_runtime":104.645552997,"learning_rate":9e-06,"_timestamp":1.7365656951343002e+09,"train_mf1":97.96483180707293,"train_wf1":97.95491658876921,"train_wa":98.1558277111466}