{"learning_rate":2.7e-06,"train_loss":0.04936848389250892,"alpha":0.5,"mean_test_uf1":0.7445127635418375,"mean_val_ua":0.7814743589743589,"train_wf1":98.59628332927393,"val_ua":78.28525641025641,"train_mf1":98.65005105201125,"val_loss":0.7420965313911438,"mean_test_ua":0.7410977564102563,"epoch":100,"mean_test_wa":0.7429357569248873,"train_wa":98.74292598939712,"_timestamp":1.7354694198711803e+09,"_step":500,"val_mf1":78.79656931566691,"train_ua":98.59375,"val_wa":80.05134429761138,"val_wf1":78.18857473450143,"mean_val_uf1":0.7868897876897762,"mean_val_wf1":0.780894727751399,"_runtime":183.954833296,"mean_val_wa":0.7992700123930992,"_wandb":{"runtime":183},"mean_test_wf1":0.7412772880205837}