{"val_mf1":77.7432518779842,"val_wf1":78.1883592776869,"_timestamp":1.7345069743686464e+09,"train_ua":97.04667207792208,"learning_rate":1.0000000000000002e-07,"_runtime":49.5822411,"_step":99,"train_mf1":97.0475801310321,"val_loss":0.6567012190818786,"train_wf1":97.04948951551006,"train_loss":0.1012243997837816,"val_wa":79.29331280468432,"val_ua":77.92868589743588,"_wandb":{"runtime":49},"epoch":100,"train_wa":97.25278624792783}