{"mean_val_wa":0.7520016990719738,"mean_test_wf1":0.7109841449760793,"mean_test_wa":0.7208382268137317,"val_wf1":75.35182543855922,"mean_val_uf1":0.7507056259408968,"mean_val_ua":0.7470797720797722,"val_ua":75.2693198005698,"train_loss":0.04957156287772315,"mean_test_ua":0.7127804487179488,"alpha":0.1,"mean_test_uf1":0.7114349767162962,"val_mf1":75.65241378645989,"epoch":150,"train_ua":98.48985389610388,"train_wa":98.64520158345165,"_runtime":204.101414079,"mean_val_wf1":0.7472363078404956,"val_wa":75.68752827751837,"_step":750,"val_loss":1.2140714724858601,"train_wf1":98.4929525196468,"train_mf1":98.50305679847979,"_wandb":{"runtime":204},"learning_rate":2.43e-07,"_timestamp":1.7365713751235435e+09}