{"mean_val_uf1":0.770763988927005,"_runtime":195.696530335,"train_wf1":98.37656394194619,"epoch":100,"_wandb":{"runtime":195},"train_wa":98.5607304732677,"mean_test_wa":0.7636017249522621,"train_mf1":98.3683962542428,"mean_test_uf1":0.7579786466169505,"val_mf1":76.32580656279043,"mean_test_wf1":0.7565087206461172,"mean_val_ua":0.7670895655270655,"val_loss":0.836156984170278,"val_wa":76.79289088646031,"val_wf1":75.8291849915297,"learning_rate":2.7e-06,"mean_val_wa":0.7749939330181068,"alpha":0.3,"mean_val_wf1":0.7669009850953132,"_step":500,"mean_test_ua":0.7566150284900285,"_timestamp":1.7354715024674156e+09,"val_ua":75.87695868945869,"train_ua":98.37094155844156,"train_loss":0.0570014659847532}