{"train_mf1":97.27367683868891,"val_wf1":76.76967036700057,"_wandb":{"runtime":34},"val_wa":78.49147322441834,"val_ua":76.74679487179488,"_step":99,"train_wf1":97.24748449193024,"val_loss":0.6924838185310364,"learning_rate":1.0000000000000002e-07,"_runtime":34.0693042,"train_ua":97.24756493506494,"_timestamp":1.7345100626937375e+09,"val_mf1":76.91145298432401,"train_loss":0.08795339167118073,"epoch":100,"train_wa":97.44172835823186}