{"alpha":0.3,"mean_val_wf1":0.7643915127256475,"train_wf1":98.72933520011613,"_timestamp":1.7365684596841526e+09,"_wandb":{"runtime":199},"epoch":150,"val_mf1":76.95938003420602,"mean_test_wf1":0.7317177880864645,"_step":750,"learning_rate":2.43e-07,"train_wa":98.86551057116503,"mean_test_ua":0.7335024928774929,"val_ua":76.82514245014245,"mean_test_wa":0.7419124870965407,"val_wf1":76.77760642592531,"_runtime":199.117652534,"mean_val_uf1":0.7665802089441865,"train_ua":98.72767857142857,"train_loss":0.04485272852970021,"mean_val_ua":0.7649172008547008,"train_mf1":98.75959587531875,"val_wa":77.22825270233041,"mean_val_wa":0.7701329746050813,"mean_test_uf1":0.7326128892120467,"val_loss":1.2260771460003324}