{"train_wf1":97.72929997433683,"train_mf1":97.79307652286448,"val_mf1":78.82499822910273,"learning_rate":1.0000000000000002e-07,"val_wf1":77.6799734967716,"_wandb":{"runtime":67},"_runtime":67.837783513,"train_ua":97.72321428571429,"val_ua":77.7724358974359,"val_wa":79.55687775334376,"_step":99,"val_loss":0.6786822080612183,"train_loss":0.07819073434386935,"train_wa":97.9285332186176,"_timestamp":1.7354591789699953e+09,"epoch":100}