{"mean_val_uf1":0.759664441194372,"mean_test_ua":0.7396233974358974,"mean_val_wf1":0.7540901013360182,"mean_test_wa":0.741802182410878,"_runtime":198.807692687,"train_loss":0.0564576712413094,"train_mf1":98.11793677823957,"val_mf1":77.0576047356594,"train_ua":98.09525027277687,"mean_test_wf1":0.7384185051734097,"mean_val_ua":0.7539983974358975,"val_wa":76.73635045917655,"_timestamp":1.735470261926279e+09,"_step":500,"alpha":0.3,"train_wa":98.28074771209468,"learning_rate":2.7e-06,"train_wf1":98.1039630079376,"mean_test_uf1":0.7410562042553377,"val_ua":76.70272435897436,"val_loss":0.8554101347923279,"mean_val_wa":0.7584289070702113,"epoch":100,"val_wf1":76.62866177094166,"_wandb":{"runtime":198}}