{"alpha":0.1,"_runtime":415.800330663,"mean_test_wf1":0.7274154359343106,"_timestamp":1.7358238039891477e+09,"_wandb":{"runtime":415},"val_wa":77.12118263224653,"train_loss":0.09397947479571615,"train_wf1":97.14833932484908,"learning_rate":2.43e-07,"mean_val_uf1":0.7640419622149731,"val_mf1":76.43974347524588,"_step":750,"mean_test_ua":0.7274750712250713,"train_ua":97.14285714285714,"val_ua":76.40446937321937,"epoch":150,"train_mf1":97.24632753884899,"mean_val_wa":0.7709696864584865,"mean_val_ua":0.7622462606837607,"train_wa":97.41404311384201,"val_wf1":76.43638749920521,"val_loss":1.077891767024994,"mean_test_uf1":0.7279708705802206,"mean_test_wa":0.7360797494779501,"mean_val_wf1":0.7623992012704307}