{"_runtime":28.415342342,"train_mf1":98.3250821537898,"_step":72,"val_wa":77.43258231332413,"train_wa":98.5018215476763,"_wandb":{"runtime":28},"val_loss":0.8048274450831943,"train_ua":98.34090909090911,"learning_rate":9e-06,"train_wf1":98.3462710082215,"val_ua":76.54024216524216,"_timestamp":1.735667852219906e+09,"epoch":73,"val_mf1":76.953616504477,"val_wf1":76.58506529103754,"train_loss":0.06084680525319917}