{"_wandb":{"runtime":62},"_step":135,"train_mf1":90.15593084110097,"val_wf1":69.40273124171198,"epoch":36,"val_mf1":69.70142490372331,"_timestamp":1.7357420323118083e+09,"learning_rate":3e-05,"train_ua":90.09862012987013,"val_wa":71.46442519932937,"train_wa":90.942446426093,"train_wf1":90.13519639812286,"_runtime":62.77051621,"val_loss":0.9613847004042732,"train_loss":0.26808682339532036,"val_ua":69.62250712250713}