{"val_ua":73.93429487179488,"learning_rate":1.0000000000000002e-07,"_step":99,"train_wf1":97.4143562032936,"_wandb":{"runtime":35},"val_wf1":73.89305325739423,"_runtime":35.6176092,"train_loss":0.09040890506335668,"val_loss":0.7992966771125793,"train_ua":97.41071428571428,"val_mf1":73.90860420037278,"train_mf1":97.4424602948213,"epoch":100,"train_wa":97.62849095322372,"val_wa":74.44214291605003,"_timestamp":1.7345130497439656e+09}