{"train_wa":97.19743856640298,"val_wa":76.34007860210879,"train_ua":96.97199675324674,"_step":55,"_runtime":21.7474426,"_timestamp":1.7345136474431798e+09,"val_ua":75.54086538461539,"train_mf1":96.99323724531988,"_wandb":{"runtime":22},"train_loss":0.09803759892071996,"val_mf1":75.57124944914608,"val_wf1":75.54206806158695,"learning_rate":1e-05,"train_wf1":96.97585435058376,"epoch":56,"val_loss":0.8038465499877929}