{"train_mf1":96.8958982087734,"val_ua":77.7724358974359,"val_loss":0.6666067361831665,"_step":99,"train_wf1":96.81824491087104,"val_mf1":77.51494193668763,"epoch":100,"val_wf1":77.77045841980438,"train_wa":97.05390631157648,"_wandb":{"runtime":50},"train_loss":0.10085168715034212,"train_ua":96.8088474025974,"val_wa":79.08898890769326,"_runtime":50.6878744,"_timestamp":1.7345070441972246e+09,"learning_rate":1.0000000000000002e-07}