{"_runtime":38.0720683,"train_mf1":96.59079771275088,"train_wf1":96.63225613733178,"_timestamp":1.7346021312746053e+09,"_wandb":{"runtime":38},"train_loss":0.10938709676265716,"val_ua":78.4415064102564,"val_wf1":78.46834465431728,"train_ua":96.6221590909091,"learning_rate":1.0000000000000002e-07,"val_wa":79.53564125777359,"epoch":100,"train_wa":96.77343706871676,"val_mf1":78.97469597635954,"val_loss":0.7532801747322082,"_step":99}