{"_runtime":408.096506649,"mean_test_wf1":0.7218243155448836,"mean_val_wf1":0.7564696820721958,"val_mf1":76.6746413059977,"val_wa":76.82576932269728,"_wandb":{"runtime":408},"train_loss":0.04652402169470276,"val_ua":76.39111467236467,"train_wa":98.96884564235916,"mean_test_wa":0.7298081181765157,"val_wf1":76.42500776665331,"epoch":150,"train_mf1":98.89849680596144,"_step":750,"val_loss":1.246776474846734,"_timestamp":1.7358312001484158e+09,"mean_test_ua":0.7234330484330485,"mean_val_ua":0.7569177350427351,"alpha":0.7,"train_ua":98.86931818181817,"mean_val_wa":0.7624128502414134,"learning_rate":2.43e-07,"train_wf1":98.87148929717914,"mean_test_uf1":0.7217959271019954,"mean_val_uf1":0.7579409058155253}