{"_runtime":25.566707453,"epoch":38,"_step":37,"val_mf1":74.68388865762779,"_timestamp":1.7354590517508523e+09,"val_ua":74.8046875,"learning_rate":1e-05,"val_wf1":74.87191307857579,"_wandb":{"runtime":26},"train_wa":97.90340214293718,"val_loss":0.7853992655873299,"train_mf1":97.79494932311242,"train_wf1":97.75769736893875,"val_wa":75.54209251351298,"train_ua":97.75545634920636,"train_loss":0.08503138790688207}