{"alpha":0.7,"_runtime":182.038287718,"val_ua":78.3974358974359,"train_wa":99.16302358328214,"mean_val_wf1":0.7748369530231984,"learning_rate":2.7e-06,"mean_val_uf1":0.7793831210655757,"mean_test_ua":0.7414503205128204,"val_loss":0.7649036765098571,"mean_val_ua":0.7750961538461538,"mean_val_wa":0.7938665459088948,"epoch":100,"_timestamp":1.7354684141018975e+09,"train_wf1":99.15351714530767,"mean_test_uf1":0.7448437618238601,"val_wf1":78.36419040010676,"mean_test_wf1":0.7420278324298815,"_step":500,"train_mf1":99.14124539719172,"mean_test_wa":0.7402885540494235,"val_wa":80.59198994529578,"_wandb":{"runtime":182},"train_loss":0.03454234287408846,"val_mf1":78.70582449586051,"train_ua":99.15178571428571}