{"train_mf1":98.5631729350517,"val_ua":76.71385327635328,"train_loss":0.04974187096314771,"train_wf1":98.55298183262136,"train_wa":98.69769158121281,"mean_val_ua":0.7671607905982907,"mean_test_uf1":0.7297486580480228,"epoch":150,"mean_val_wa":0.7723722757216758,"train_ua":98.54910714285714,"_step":750,"_wandb":{"runtime":204},"val_loss":1.2012784083684285,"mean_test_ua":0.7320023148148149,"_runtime":204.553542544,"val_wf1":76.65039518800269,"mean_test_wf1":0.7292826637238536,"alpha":0.5,"learning_rate":2.43e-07,"mean_test_wa":0.7408219641544491,"val_mf1":77.07588785759624,"val_wa":77.31959373254793,"mean_val_wf1":0.7663599703804717,"mean_val_uf1":0.7687198830371955,"_timestamp":1.7365806274963887e+09}