{"_timestamp":1.7345060907962222e+09,"train_mf1":96.80599356672546,"val_ua":76.79086538461539,"_step":199,"learning_rate":1.0000000000000006e-10,"val_mf1":76.5657914377407,"train_wf1":96.76450621015269,"val_wa":78.41601906311656,"epoch":200,"val_loss":0.6972538828849792,"train_ua":96.7491883116883,"train_wa":97.10370545700181,"_wandb":{"runtime":75},"train_loss":0.10613065659999847,"_runtime":75.5668893,"val_wf1":76.82980877311806}