{"train_mf1":97.17855833685819,"val_mf1":80.68522676427405,"epoch":100,"train_ua":97.19521103896102,"learning_rate":1.0000000000000002e-07,"_step":99,"train_wf1":97.20413379188916,"train_wa":97.4663615207606,"_runtime":34.794146,"_timestamp":1.7345109939526625e+09,"val_ua":80.36057692307692,"val_wf1":80.35640846005963,"val_loss":0.636344599723816,"train_loss":0.0905166798404285,"val_wa":81.94146581674913,"_wandb":{"runtime":34}}