{"val_wa":77.46574958884644,"mean_test_wf1":0.7595942504112897,"learning_rate":2.7e-06,"mean_val_wf1":0.7672777166691056,"mean_test_wa":0.7647580953799505,"mean_val_wa":0.7736991794478816,"alpha":0.5,"mean_test_uf1":0.7606731651110012,"mean_val_uf1":0.7697133736083887,"val_loss":0.8336833119392395,"_runtime":203.570647701,"val_mf1":77.03149433538658,"mean_val_ua":0.7672142094017094,"train_wa":98.76014882497542,"_timestamp":1.7356616254746344e+09,"train_mf1":98.62119287462299,"train_loss":0.04983327702752181,"val_wf1":76.83897593278304,"mean_test_ua":0.7594284188034187,"_step":500,"epoch":100,"train_ua":98.60876623376625,"train_wf1":98.61235564301938,"_wandb":{"runtime":203},"val_ua":76.85630341880342}