{"_runtime":77.0853939,"train_ua":97.42613636363637,"val_ua":76.32211538461539,"val_mf1":77.0029994996368,"train_mf1":97.50464782572888,"_wandb":{"runtime":77},"_timestamp":1.734435044515686e+09,"train_loss":0.08326374867132731,"val_wf1":76.265705882716,"val_wa":77.8191692757994,"learning_rate":1.0000000000000006e-10,"val_loss":0.7592986106872559,"train_wa":97.70815396880349,"_step":199,"epoch":200,"train_wf1":97.42977071793437}