{"learning_rate":1.0000000000000006e-10,"_timestamp":1.7344251954751296e+09,"val_mf1":76.95264972621442,"train_wf1":94.33379262333895,"val_wf1":77.23789148675216,"train_wa":94.69619400114652,"val_ua":77.05929487179488,"val_loss":0.6631750345230103,"epoch":200,"val_wa":78.47311773478495,"train_loss":0.16997371379818235,"_wandb":{"runtime":69},"_runtime":69.1494533,"_step":199,"train_ua":94.30844155844156,"train_mf1":94.43801986156902}