{"mean_val_uf1":0.767021778176374,"val_ua":77.96463815789474,"train_ua":98.21048704597409,"train_mf1":98.22632771980115,"epoch":100,"mean_test_ua":0.7290865384615385,"_step":500,"mean_val_ua":0.764649808114035,"_timestamp":1.7352851864955208e+09,"val_wa":78.63328925315355,"val_loss":0.7532864063978195,"mean_val_wf1":0.7644321113234469,"val_mf1":78.32162774815656,"_wandb":{"runtime":177},"val_wf1":77.92493169925243,"train_loss":0.064076826937737,"mean_test_wa":0.7289734933430585,"train_wf1":98.20820337835949,"alpha":0.9,"mean_test_uf1":0.7307081298397369,"learning_rate":1.0000000000000002e-07,"mean_test_wf1":0.7286383706243625,"_runtime":177.1507008,"train_wa":98.29990430956023,"mean_val_wa":0.7732848800803076}