{"train_mf1":97.72555084870208,"_timestamp":1.7352073318721023e+09,"val_wf1":77.63576486800604,"_step":99,"val_loss":0.6508989572525025,"learning_rate":1.0000000000000002e-07,"epoch":100,"train_wa":97.90552663897525,"val_ua":77.68429487179486,"train_ua":97.75324675324674,"train_wf1":97.76455354764842,"val_wa":79.72233808324374,"train_loss":0.08044632417815072,"val_mf1":78.45014282241142,"_wandb":{"runtime":39},"_runtime":39.6479752}