{"_timestamp":1.7345073465632248e+09,"_wandb":{"runtime":64},"train_wf1":96.9552357507599,"val_loss":0.6752413392066956,"epoch":200,"train_loss":0.0947024969117982,"train_mf1":96.96737251433241,"val_ua":77.92868589743588,"_step":199,"_runtime":64.9139691,"train_ua":96.94967532467533,"learning_rate":1.0000000000000006e-10,"val_wa":79.48321456370063,"train_wa":97.27188594604503,"val_mf1":78.12016358696063,"val_wf1":77.85284071395529}