{"_runtime":386.194752427,"train_loss":0.06753204917269094,"epoch":150,"_wandb":{"runtime":386},"mean_val_wa":0.7624618215734993,"_step":750,"mean_val_uf1":0.7599673292548025,"_timestamp":1.7358299517381384e+09,"train_wf1":97.97442863534064,"mean_test_wa":0.7143440765148915,"mean_test_ua":0.706258903133903,"train_wa":98.08170452950495,"val_ua":76.07505341880342,"val_mf1":76.26060620437926,"learning_rate":2.43e-07,"mean_test_wf1":0.7049702023022746,"val_wf1":76.04282340363189,"mean_val_ua":0.7578258547008547,"alpha":0.1,"val_wa":76.39835126783338,"val_loss":1.1690009302563138,"train_mf1":98.02415752501294,"mean_test_uf1":0.7044415980529568,"mean_val_wf1":0.7575473656664551,"train_ua":97.96915584415584}