{"val_ua":76.47836538461539,"val_wa":77.37722533695288,"_step":99,"_timestamp":1.734512708382869e+09,"train_ua":96.75649350649351,"val_mf1":76.63423544736952,"train_loss":0.10725152354155268,"epoch":100,"_runtime":48.8205862,"train_wf1":96.7628190059824,"val_loss":0.7566632390022278,"val_wf1":76.50541758327168,"_wandb":{"runtime":48},"train_mf1":96.76324437338916,"learning_rate":1.0000000000000002e-07,"train_wa":96.97122719209112}