{"alpha":0.7,"train_loss":0.06219627083309235,"val_loss":0.7941674888134003,"val_wa":77.41382658150036,"mean_test_wa":0.7431934664434665,"mean_test_uf1":0.743278127565455,"_timestamp":1.7354509873914378e+09,"train_wf1":98.36187046418064,"mean_test_wf1":0.7426166583367375,"learning_rate":1.0000000000000006e-10,"mean_val_wf1":0.761904552248462,"val_ua":76.85238486842105,"_wandb":{"runtime":323},"_runtime":323.86212101,"mean_val_ua":0.7620264528508772,"epoch":200,"mean_val_wa":0.7709531544935861,"val_mf1":77.13603780262541,"mean_test_ua":0.7429647435897436,"mean_val_uf1":0.7642883895800207,"val_wf1":76.81604378856467,"train_ua":98.36189516129032,"_step":1000,"train_wa":98.54378721238481,"train_mf1":98.41758320250766}