{"alpha":0.1,"_runtime":203.161629685,"learning_rate":2.7e-06,"val_loss":0.8444263802634345,"val_wf1":76.93001817279821,"_step":500,"mean_test_uf1":0.7609182958068981,"mean_test_wa":0.7645464914536622,"val_mf1":77.14286061377518,"mean_val_wf1":0.7648667773147094,"epoch":100,"mean_test_wf1":0.7595996887800213,"mean_val_wa":0.7710648362632881,"val_wa":77.88846659476272,"train_wa":98.91240493730629,"train_loss":0.041428245710475105,"train_ua":98.83928571428572,"mean_test_ua":0.7593928062678063,"mean_val_ua":0.7650195868945869,"train_mf1":98.88221025906542,"_wandb":{"runtime":203},"_timestamp":1.7357393496541142e+09,"train_wf1":98.84187943706992,"mean_val_uf1":0.7672736723576024,"val_ua":77.06107549857549}