{"_runtime":95.1697014,"_wandb":{"runtime":95},"train_wf1":96.68096837356394,"learning_rate":1.0000000000000006e-10,"epoch":200,"train_mf1":96.7396891151901,"_step":199,"_timestamp":1.734508143215808e+09,"val_wf1":78.53373296378348,"val_loss":0.6710086941719056,"train_wa":97.01249013073657,"val_wa":79.62230271012768,"val_mf1":78.1641897944769,"val_ua":78.35336538461539,"train_loss":0.10086467170289584,"train_ua":96.68181818181819}