{"learning_rate":1.0000000000000006e-10,"_wandb":{"runtime":72},"train_loss":0.17036647158009666,"train_wa":94.55414276574345,"train_wf1":94.1017272580309,"_timestamp":1.734419533484931e+09,"epoch":200,"val_wa":75.51853613806247,"_runtime":72.7806816,"val_ua":74.24679487179488,"val_loss":0.6814906120300293,"val_wf1":74.32881502046959,"train_mf1":94.11554330287301,"_step":199,"val_mf1":74.22229612031384,"train_ua":94.07792207792208}