{"_runtime":71.5371376,"_timestamp":1.7344190715947766e+09,"_step":199,"learning_rate":1.0000000000000006e-10,"val_ua":79.0224358974359,"_wandb":{"runtime":71},"train_wf1":94.14036170562918,"train_ua":94.1148538961039,"train_loss":0.17590260420526777,"val_wa":80.55847845421928,"val_mf1":78.92841866316765,"val_loss":0.6281492114067078,"val_wf1":79.23744234577316,"epoch":200,"train_mf1":94.15542259112948,"train_wa":94.57135286018958}