{"train_wa":98.45626557649544,"epoch":100,"mean_test_ua":0.7527403846153845,"mean_test_wa":0.7543853067874807,"mean_test_wf1":0.7523608478874514,"mean_val_uf1":0.7674378535375512,"alpha":0.1,"mean_val_wf1":0.7651930776923412,"_wandb":{"runtime":197},"train_loss":0.06329272230786662,"val_wf1":77.80697508339051,"val_ua":77.73540296052632,"_runtime":197.228248,"val_wa":78.23452873386113,"learning_rate":1.0000000000000002e-07,"_timestamp":1.735206398135293e+09,"train_ua":98.3366935483871,"mean_val_wa":0.7737337934707617,"_step":500,"train_mf1":98.36698092995148,"mean_val_ua":0.7651000548245614,"val_mf1":77.97370648010228,"mean_test_uf1":0.7551968289139641,"val_loss":0.7532721757888794,"train_wf1":98.33813468494749}