{"val_ua":75.81208881578947,"_timestamp":1.7352907002598834e+09,"train_wa":96.99831315975901,"mean_test_wf1":0.7440841864675376,"mean_val_ua":0.7630194627192982,"val_wf1":75.78474247586622,"_step":1000,"mean_val_uf1":0.7652559672155201,"_wandb":{"runtime":572},"val_mf1":76.10301606725844,"epoch":200,"train_loss":0.10486279956756099,"mean_val_wf1":0.7632239289636823,"mean_val_wa":0.7700481101938902,"val_wa":76.21253463205953,"train_wf1":96.86577558533097,"learning_rate":1.0000000000000006e-10,"val_loss":0.7530938237905502,"mean_test_uf1":0.7469151719146788,"train_mf1":96.8065175764236,"mean_test_wa":0.7526340203079332,"mean_test_ua":0.7456009615384616,"train_ua":96.84920307340614,"alpha":0.3,"_runtime":572.5384496}