{"val_wa":80.05774830007567,"epoch":200,"_timestamp":1.7345065138016808e+09,"val_ua":78.82211538461539,"train_wa":96.86210178718841,"train_wf1":96.50074696132285,"val_loss":0.636459743976593,"_runtime":100.0337054,"_wandb":{"runtime":100},"val_mf1":78.59082869811986,"train_loss":0.10715900138020515,"learning_rate":1.0000000000000006e-10,"_step":199,"train_ua":96.48092532467531,"train_mf1":96.42440552107871,"val_wf1":79.03405936222127}