{"val_wa":77.0223673659765,"_step":99,"learning_rate":1.0000000000000002e-07,"epoch":100,"train_loss":0.08927747021828379,"_wandb":{"runtime":33},"val_mf1":76.3170093382678,"val_ua":75.7411858974359,"val_wf1":75.70646763564326,"train_wf1":97.46326305035524,"val_loss":0.7494521617889405,"_timestamp":1.7345131225071318e+09,"train_ua":97.46306818181819,"_runtime":33.7392013,"train_wa":97.6981440039267,"train_mf1":97.48819984883988}