{"val_ua":75.64770299145299,"mean_test_wf1":0.70584482500134,"train_loss":0.05161518284252712,"_runtime":200.80382571,"epoch":150,"val_wa":76.15108135014607,"mean_test_wa":0.7129475166423817,"mean_val_wa":0.7542938721776185,"mean_val_ua":0.748838141025641,"alpha":0.5,"val_mf1":75.95627855817693,"train_wf1":98.49372922564416,"mean_val_wf1":0.7489233179068482,"mean_test_ua":0.7072738603988604,"mean_val_uf1":0.7524359016438712,"val_wf1":75.64868076337034,"_wandb":{"runtime":200},"_step":750,"_timestamp":1.7365717889869087e+09,"train_wa":98.62172654566349,"train_ua":98.48985389610388,"learning_rate":2.43e-07,"val_loss":1.261847284105089,"mean_test_uf1":0.7049306519184537,"train_mf1":98.45865543606932}