{"train_mf1":35.261987938648176,"val_wf1":43.35286864366495,"_timestamp":1.7344173249962327e+09,"val_loss":1.248041582107544,"val_wa":42.49727579299314,"train_ua":39.921672077922075,"train_wf1":37.330910662349396,"epoch":1,"_runtime":3.0728331,"train_wa":36.83296170930641,"_wandb":{"runtime":3},"learning_rate":0.0001,"val_ua":47.556089743589745,"val_mf1":40.99787842869211,"train_loss":1.2760996546064105,"_step":0}