{"mean_test_wa":0.7355762983581123,"alpha":0.5,"_runtime":202.648460544,"train_ua":97.67897727272728,"train_wa":97.92053563268836,"val_loss":1.2084882193141513,"train_loss":0.0676977312458413,"train_mf1":97.71336515265101,"_timestamp":1.7365769403928928e+09,"mean_val_wa":0.7656969343809629,"mean_val_wf1":0.7607444674251255,"_wandb":{"runtime":202},"learning_rate":2.43e-07,"mean_test_wf1":0.7300320471081101,"_step":750,"mean_val_uf1":0.7611963167920618,"mean_test_uf1":0.7291320270712971,"mean_val_ua":0.7602341524216525,"mean_test_ua":0.7295717592592592,"epoch":150,"val_ua":74.75516381766381,"val_wa":75.40935201390616,"train_wf1":97.68306428154895,"val_wf1":74.79054702430284,"val_mf1":74.69800593169815}