{"_timestamp":1.7345131587707493e+09,"train_loss":0.09071091466716358,"_runtime":33.5814243,"val_mf1":76.9009646532437,"val_wa":77.17699339580143,"train_wa":97.43173793327931,"train_ua":97.22483766233768,"_wandb":{"runtime":33},"val_ua":76.0536858974359,"train_wf1":97.22318981975721,"val_wf1":76.00123983688493,"learning_rate":1.0000000000000002e-07,"train_mf1":97.32808805479921,"epoch":100,"val_loss":0.770731508731842,"_step":99}