{"mean_val_uf1":0.7501393874098883,"train_loss":0.054389481725437304,"val_wf1":75.93354295103597,"train_wf1":98.48568836275761,"val_ua":75.90811965811966,"learning_rate":2.43e-07,"val_mf1":76.11918774508126,"_runtime":197.914085701,"val_wa":76.35315388766205,"train_wa":98.5232916968507,"mean_val_ua":0.7481436965811966,"mean_val_wf1":0.7482623668574673,"train_mf1":98.44634211581871,"mean_test_ua":0.7203080484330484,"train_ua":98.48214285714286,"_step":750,"mean_test_wf1":0.7195453518287346,"_timestamp":1.7365707347287986e+09,"epoch":150,"alpha":0.5,"mean_test_uf1":0.7188613255765448,"mean_val_wa":0.751335341401244,"mean_test_wa":0.7224328386751251,"val_loss":1.1942622992727492,"_wandb":{"runtime":197}}