{"val_wa":78.2207801490021,"val_wf1":77.36572704092892,"val_loss":0.7715762456258138,"train_wf1":97.81505155008674,"_timestamp":1.7357405346907036e+09,"train_loss":0.06537593965019499,"_step":160,"_runtime":67.390542867,"train_wa":98.09478989720304,"learning_rate":9e-06,"val_mf1":77.75779765603743,"epoch":61,"val_ua":77.37713675213675,"train_mf1":97.83212494538394,"_wandb":{"runtime":67},"train_ua":97.8125}