{"mean_val_wf1":0.7594993614885602,"_runtime":281.347297538,"mean_val_ua":0.7592948717948718,"alpha":0.9,"epoch":150,"mean_test_uf1":0.7208400854035866,"mean_test_wa":0.728074898912384,"train_wa":98.06725014432165,"mean_val_wa":0.7668059352881584,"_step":750,"val_loss":1.1538118256462946,"val_wa":76.4554347970203,"mean_test_ua":0.7207443019943021,"train_loss":0.06970849665147917,"learning_rate":2.43e-07,"train_mf1":97.87656842815343,"val_wf1":75.53734465654061,"_timestamp":1.7365774818913567e+09,"mean_val_uf1":0.7604389023240686,"val_ua":75.48076923076923,"mean_test_wf1":0.7206319655798294,"val_mf1":75.6437653796881,"train_wf1":97.90729033811635,"train_ua":97.90178571428572,"_wandb":{"runtime":281}}