{"val_mf1":76.2889079036263,"val_loss":0.8335132863786485,"alpha":0.1,"_wandb":{"runtime":193},"train_mf1":98.52221068923052,"mean_test_wf1":0.7538442274682582,"mean_val_ua":0.7641159188034188,"epoch":100,"mean_val_wa":0.7696122437066517,"train_wf1":98.51474755451247,"train_loss":0.04942772872745991,"mean_test_wa":0.7609370878886704,"mean_test_ua":0.7544426638176638,"learning_rate":2.7e-06,"_timestamp":1.73547130263638e+09,"_runtime":193.568993051,"mean_val_uf1":0.7668430984283848,"mean_test_uf1":0.7557601801390408,"train_ua":98.51217532467533,"val_wf1":75.84769111697267,"_step":500,"mean_val_wf1":0.7641685940593403,"train_wa":98.63662024685775,"val_wa":76.45453046380635,"val_ua":75.88363603988604}