{"_step":99,"train_loss":0.11589832156896591,"val_ua":77.3036858974359,"_timestamp":1.734512364806724e+09,"train_wa":96.83342570265219,"learning_rate":1.0000000000000002e-07,"val_wa":78.1358617388183,"train_wf1":96.38515566404602,"val_wf1":77.35546756026659,"_wandb":{"runtime":38},"_runtime":38.446699100000004,"epoch":100,"train_ua":96.37702922077924,"train_mf1":96.46394638451207,"val_mf1":77.54168249442041,"val_loss":0.7505768537521362}