{"learning_rate":1.0000000000000002e-07,"val_ua":77.34775641025641,"val_wa":78.88943858498737,"_timestamp":1.7345160505173624e+09,"train_ua":97.26217532467531,"train_wa":97.52996170999234,"_wandb":{"runtime":33},"_step":99,"train_loss":0.08452480350221907,"epoch":100,"val_loss":0.7677646398544311,"_runtime":33.238101,"val_mf1":77.58908881531748,"train_wf1":97.27399792703136,"train_mf1":97.29903381509384,"val_wf1":77.44402801643929}