Alpha,WA,UA,WF1,UF1
0.1,0.6605647675212892,0.686698717948718,0.6735566191454294,0.6638859131781748
