Alpha,WA,UA,WF1,UF1
0.1,0.7786137967659708,0.7714743589743589,0.7697124501817723,0.7727018822129802
0.3,0.73892021478978,0.7384615384615385,0.736388343070956,0.7395057970561746
0.5,0.7768543424521684,0.770352564102564,0.7666078677958181,0.7704794049987329
0.7,0.7465731950514559,0.7498397435897436,0.7455227500754039,0.7485467809423718
0.9,0.7476045713002235,0.7447115384615385,0.7449096068563983,0.7448977898206098
