Alpha,WA,UA,WF1,UF1
1,0.7224645534971622,0.7168269230769231,0.7176217973144128,0.7217293922868119
