{"train_loss":0.08376114975128855,"_step":99,"train_ua":97.60430194805195,"val_ua":77.81650641025641,"val_wa":78.55363435480163,"train_wa":97.69250518470831,"epoch":100,"train_wf1":97.60425298654964,"learning_rate":1.0000000000000002e-07,"val_wf1":77.85236085238859,"val_loss":0.6633903384208679,"train_mf1":97.60418789246901,"_runtime":48.8959036,"val_mf1":77.87758329237501,"_wandb":{"runtime":48},"_timestamp":1.7345107535589516e+09}