{"val_wa":70.4824345474158,"val_ua":69.85844017094016,"train_mf1":97.65108597002921,"epoch":45,"train_ua":97.67897727272728,"val_wf1":69.74430535099955,"_runtime":134.763022924,"val_loss":1.3741997745301988,"_step":494,"train_loss":0.07684106081724167,"learning_rate":3e-05,"_timestamp":1.737452301613501e+09,"train_wf1":97.6812586091448,"train_wa":97.94452155685659,"_wandb":{"runtime":135},"val_mf1":69.86418139910894}