{"val_wa":77.98022622181215,"mean_val_wf1":0.7624063700278093,"mean_test_wf1":0.7490491562757307,"val_wf1":77.33735081325833,"val_mf1":77.5653142405483,"alpha":0.7,"mean_test_ua":0.749198717948718,"mean_test_wa":0.7558831285585037,"_step":500,"mean_val_uf1":0.7654764918524919,"mean_val_ua":0.7622551638176638,"train_mf1":98.59415181711248,"_runtime":205.442729489,"mean_val_wa":0.7690705615530611,"train_wf1":98.58981356405458,"_timestamp":1.7357223078588004e+09,"train_wa":98.75341096849023,"train_loss":0.04803989178368023,"learning_rate":2.7e-06,"val_loss":0.835492385758294,"epoch":100,"mean_test_uf1":0.7511619649787538,"_wandb":{"runtime":205},"val_ua":77.29700854700855,"train_ua":98.58644480519482}