{"_wandb":{"runtime":454},"val_loss":1.1884767214457195,"train_mf1":98.18752861337616,"val_wa":76.53919110768027,"_step":750,"mean_val_ua":0.7578570156695157,"val_wf1":75.91425562845949,"train_loss":0.06180630996823311,"mean_test_uf1":0.7187294291770769,"_timestamp":1.735826833130273e+09,"learning_rate":2.43e-07,"val_ua":75.94595797720798,"epoch":150,"val_mf1":76.06349500157513,"train_ua":98.1846590909091,"train_wa":98.35618005194652,"train_wf1":98.18814646997068,"mean_val_uf1":0.7590943930160325,"mean_test_wf1":0.7199352030717585,"mean_val_wf1":0.7579750396555422,"alpha":0.5,"mean_test_ua":0.720147792022792,"mean_test_wa":0.7285097013388706,"mean_val_wa":0.7629618309509183,"_runtime":454.273460459}