{"train_wa":97.7829698633134,"val_mf1":75.85460316426612,"train_mf1":97.53087706069941,"_runtime":33.0223782,"train_ua":97.50771103896103,"_timestamp":1.734516160819025e+09,"_step":99,"epoch":100,"val_wa":77.18526079166406,"train_loss":0.08268106505274772,"val_ua":75.38461538461539,"learning_rate":1.0000000000000002e-07,"val_loss":0.816273295879364,"train_wf1":97.52342269198166,"val_wf1":75.44674724268053,"_wandb":{"runtime":33}}