{"val_wf1":77.25909937068242,"train_wa":97.83725236910126,"val_ua":77.21554487179488,"_runtime":97.9667992,"_timestamp":1.7345095500875921e+09,"train_wf1":97.57482577073061,"val_loss":0.6842475414276123,"val_wa":79.48719230313503,"learning_rate":1.0000000000000006e-10,"_step":199,"train_mf1":97.5610576617711,"val_mf1":77.98123262369883,"train_loss":0.08227865557585444,"_wandb":{"runtime":97},"epoch":200,"train_ua":97.55965909090911}