{"alpha":0.1,"train_wf1":97.91809511116037,"train_mf1":97.91822798345356,"mean_val_wa":0.7685285322076985,"mean_test_wf1":0.7481797213236979,"val_ua":77.08573190789474,"mean_test_uf1":0.7528300574543655,"mean_test_ua":0.7481009615384615,"_wandb":{"runtime":223},"_runtime":223.7094727,"val_wf1":77.01063163879866,"mean_val_wf1":0.7587795629239368,"learning_rate":1.0000000000000002e-07,"train_wa":98.06391573640902,"train_loss":0.07757891125736698,"val_loss":0.7330230996012688,"_timestamp":1.7352057496162484e+09,"epoch":100,"mean_test_wa":0.7534498383520123,"train_ua":97.90747237744476,"_step":500,"val_mf1":77.41408739036957,"mean_val_ua":0.7591132127192983,"mean_val_uf1":0.7611869537037237,"val_wa":77.8060721118284}