{"val_loss":0.7560169458389282,"_timestamp":1.7350223927860684e+09,"train_wf1":97.41568942095938,"_runtime":39.2496891,"_wandb":{"runtime":39},"val_wf1":76.17094138144935,"learning_rate":1.0000000000000002e-07,"train_wa":97.66521662540984,"epoch":100,"_step":99,"val_ua":76.25400641025641,"train_ua":97.41071428571428,"val_mf1":76.99917845958784,"val_wa":77.57677129538042,"train_mf1":97.43869900908936,"train_loss":0.09599936125533921}