{"_step":49,"val_loss":0.7761564718352424,"_wandb":{"runtime":27},"_runtime":27.53785473,"val_mf1":76.8201656218142,"val_ua":76.65820868945869,"train_mf1":97.49184883860485,"train_loss":0.07676357733351843,"val_wa":77.3448858959351,"epoch":50,"train_wf1":97.46578597439793,"learning_rate":3e-05,"train_wa":97.70219468241538,"val_wf1":76.61416843445087,"train_ua":97.46347402597402,"_timestamp":1.7357408171358855e+09}