{"val_loss":0.9130060587610517,"_wandb":{"runtime":27},"_timestamp":1.7356681424088485e+09,"train_ua":98.88392857142857,"train_loss":0.04626008415860789,"learning_rate":2.7e-06,"val_mf1":73.43943538363902,"_runtime":27.244990487,"train_wa":99.03039424208421,"_step":99,"val_ua":73.19274749373433,"train_wf1":98.88360119369376,"train_mf1":98.92665742015745,"epoch":100,"val_wa":75.16165761969525,"val_wf1":73.00758424452097}