{"train_wa":94.29649429376947,"val_loss":0.6307883739471436,"_runtime":46.8754454,"train_mf1":94.04485600914425,"train_wf1":93.98061278488422,"_wandb":{"runtime":46},"val_ua":76.43429487179488,"learning_rate":1.0000000000000002e-07,"_timestamp":1.7345991542571683e+09,"epoch":100,"train_ua":93.95900974025973,"_step":99,"val_wf1":76.79249016587539,"val_mf1":76.06393289930044,"train_loss":0.1782197566969054,"val_wa":76.93344478076757}