{"epoch":44,"val_mf1":76.82737076985192,"val_wa":77.57282212344455,"train_wa":98.03490996526834,"_runtime":145.4048708,"val_loss":0.747336283326149,"val_wf1":76.64901801084864,"_step":343,"_wandb":{"runtime":145},"learning_rate":1e-05,"_timestamp":1.7352061872872913e+09,"train_wf1":98.01248880192446,"train_loss":0.07880632783616742,"train_mf1":97.95482623338995,"train_ua":98.00867570485141,"val_ua":76.65707236842105}