{"mean_val_wa":0.7697715437017261,"mean_val_uf1":0.7656746001293948,"val_ua":76.28650284900284,"alpha":0.3,"_runtime":212.735580226,"val_loss":0.8406895531548394,"val_mf1":76.60147408165795,"_step":500,"epoch":100,"train_ua":98.70535714285714,"mean_test_ua":0.7582621082621083,"val_wf1":76.29756055063407,"mean_val_wf1":0.7628534390258439,"mean_test_uf1":0.7598324444266561,"train_wf1":98.71093504276712,"learning_rate":2.7e-06,"_wandb":{"runtime":212},"mean_test_wf1":0.7582976429367293,"_timestamp":1.7357218660136755e+09,"mean_test_wa":0.763980164933063,"train_wa":98.79814688343063,"mean_val_ua":0.7629139957264958,"val_wa":76.86477767092272,"train_loss":0.04516926769699369,"train_mf1":98.69428179642551}