{"_step":1000,"train_wa":98.5690694309753,"learning_rate":1.0000000000000006e-10,"alpha":0.5,"train_loss":0.06813867522343513,"train_ua":98.38650146050291,"mean_val_wf1":0.7631335751596786,"_runtime":337.401686193,"epoch":200,"_wandb":{"runtime":337},"_timestamp":1.735450659104117e+09,"mean_test_wf1":0.734302172601685,"val_ua":78.38918585526315,"mean_test_ua":0.7348878205128205,"val_wf1":78.39859346983502,"train_wf1":98.38616688026327,"mean_test_uf1":0.7365786818482948,"mean_val_wa":0.7722309675423447,"mean_val_uf1":0.7655477311969943,"mean_val_ua":0.7630304276315789,"val_mf1":78.87643729209233,"train_mf1":98.4433156697454,"val_loss":0.7455720156431198,"val_wa":79.11772362974162,"mean_test_wa":0.73619816738295}