{"val_wf1":77.95765504087414,"val_ua":78.19711538461537,"learning_rate":1.0000000000000002e-07,"_step":99,"train_wa":97.52737116366782,"_wandb":{"runtime":37},"val_loss":0.6862744450569153,"_timestamp":1.7345099148370967e+09,"train_ua":97.28449675324674,"train_mf1":97.31127222559725,"val_mf1":78.8661850211586,"train_wf1":97.28725146316143,"val_wa":80.48948625895059,"train_loss":0.0879780724644661,"epoch":100,"_runtime":37.2268341}