{"val_ua":75.96554487179488,"val_mf1":76.3496569791921,"val_wa":77.56063813233783,"val_loss":0.7609312534332275,"epoch":100,"train_ua":97.94642857142857,"learning_rate":1.0000000000000002e-07,"val_wf1":75.9620348500867,"_runtime":33.630237,"_wandb":{"runtime":33},"_timestamp":1.7345161244613023e+09,"train_loss":0.06979561341660363,"_step":99,"train_mf1":98.00595245911914,"train_wf1":97.95221526499385,"train_wa":98.10024461036483}