{"_wandb":{"runtime":467},"train_mf1":98.52620379229205,"val_ua":76.16853632478633,"train_wa":98.65944359555532,"_step":750,"mean_test_wf1":0.7348429615867247,"mean_test_uf1":0.7360644999952967,"train_wf1":98.51769252659068,"mean_val_uf1":0.7581595074637589,"mean_val_ua":0.7566283831908832,"val_wa":76.95340523768981,"val_loss":1.1260666913456387,"_timestamp":1.735752592583547e+09,"val_wf1":76.20385936304262,"alpha":0.1,"train_loss":0.04653458600597722,"mean_val_wf1":0.7564225807061347,"mean_test_ua":0.7354344729344728,"epoch":150,"learning_rate":2.43e-07,"val_mf1":76.49736391446234,"train_ua":98.51217532467533,"_runtime":467.529689677,"mean_test_wa":0.7446844275634593,"mean_val_wa":0.7644481277440508}