{"_timestamp":1.7352066345890572e+09,"train_loss":0.09427409619092941,"_step":136,"val_mf1":77.13119885907054,"val_loss":0.7394833788275719,"epoch":37,"train_ua":97.22702252944188,"train_wf1":97.22459864109321,"train_wa":97.44214122183678,"_wandb":{"runtime":50},"train_mf1":97.27201291827416,"learning_rate":1e-05,"val_ua":76.72526041666666,"_runtime":49.9937745,"val_wa":77.41803172280223,"val_wf1":76.71585591416653}