{"train_mf1":97.82299104039993,"train_wf1":97.88494421866469,"val_wf1":75.54803014374544,"_step":500,"mean_test_ua":0.7309615384615386,"mean_test_wf1":0.730308034587825,"mean_val_wf1":0.7659693640306149,"mean_test_wa":0.7345143491447839,"mean_val_uf1":0.7695023233586945,"_timestamp":1.735288639561137e+09,"epoch":100,"_runtime":200.227221,"mean_test_uf1":0.7320035512019836,"val_wa":76.39173819642149,"train_ua":97.88286607823217,"mean_val_ua":0.7663479989035087,"learning_rate":1.0000000000000002e-07,"val_ua":75.65481085526315,"train_wa":97.93466762710818,"train_loss":0.0759559357839246,"val_loss":0.8023296743631363,"alpha":0.5,"_wandb":{"runtime":200},"mean_val_wa":0.7771882817661722,"val_mf1":76.01269860447402}