{"val_wf1":76.27781234874368,"mean_val_wa":0.7557745021566987,"learning_rate":2.43e-07,"_wandb":{"runtime":397},"_timestamp":1.7358253722670424e+09,"mean_test_wa":0.7144462119994007,"mean_test_uf1":0.7019143843632866,"mean_test_wf1":0.7028090463189414,"train_ua":97.38108766233768,"val_wa":77.05935307717787,"_step":750,"val_ua":76.19969729344729,"_runtime":397.841928431,"mean_val_wf1":0.7498239811766105,"val_mf1":76.36857608993985,"train_mf1":97.37470459670877,"train_wf1":97.38766759265009,"epoch":150,"val_loss":1.1330924828847249,"train_wa":97.66748316130285,"mean_val_uf1":0.7500052961502522,"alpha":0.9,"mean_test_ua":0.7040331196581197,"mean_val_ua":0.7495503917378917,"train_loss":0.08738776477319854}