{"train_wa":98.63549383051193,"train_ua":98.40787337662337,"mean_val_ua":0.7454638532763532,"val_loss":1.2920681238174438,"mean_val_wa":0.7517841536046188,"mean_test_ua":0.7124198717948718,"mean_val_uf1":0.7496069532763279,"mean_test_wa":0.7178857448775192,"learning_rate":2.43e-07,"_step":750,"val_wa":73.77433713666836,"train_loss":0.05433287929211344,"_wandb":{"runtime":198},"epoch":150,"val_ua":73.27279202279202,"train_wf1":98.4117244024313,"_timestamp":1.7365703303211095e+09,"val_wf1":73.30016359808842,"_runtime":198.084974229,"train_mf1":98.41168775465503,"mean_test_uf1":0.7118609001497308,"val_mf1":73.54618542413985,"mean_val_wf1":0.7453565863125433,"alpha":0.1,"mean_test_wf1":0.7116770396040268}