{"mean_test_wf1":0.7566589389194873,"val_wf1":76.09911221353074,"mean_test_uf1":0.7596090116868675,"mean_val_wf1":0.7600623159550023,"train_loss":0.049780744104049146,"_wandb":{"runtime":203},"val_wa":77.108809342505,"_runtime":203.539118872,"_step":500,"learning_rate":2.7e-06,"train_ua":98.63782051282051,"epoch":100,"val_ua":76.23397435897436,"mean_test_ua":0.7573798076923077,"mean_val_ua":0.7601522435897436,"_timestamp":1.7354709018437784e+09,"mean_val_wa":0.7679037045341393,"mean_test_wa":0.7614511078098035,"val_mf1":76.66629983778563,"train_mf1":98.63410747628569,"val_loss":0.8852621912956238,"train_wf1":98.6387008786511,"train_wa":98.73874592933228,"mean_val_uf1":0.7667948325373649,"alpha":0.9}