{"val_wf1":78.21173250846905,"val_ua":78.28525641025641,"_timestamp":1.73441742169092e+09,"train_mf1":97.24854131712713,"val_mf1":78.9498851104436,"learning_rate":1.0000000000000006e-10,"val_wa":80.62560472684083,"train_wf1":97.20601453182024,"train_loss":0.08905270599893161,"_runtime":70.1911162,"val_loss":0.6894420027732849,"_wandb":{"runtime":70},"_step":199,"train_ua":97.19602272727272,"train_wa":97.52461302334245,"epoch":200}