{"train_loss":0.08270158757056509,"epoch":200,"_wandb":{"runtime":83},"val_wa":79.34968066057945,"val_loss":0.6995901226997375,"train_wa":97.86189081487484,"_timestamp":1.7344178583851793e+09,"train_wf1":97.71430487919235,"_step":199,"learning_rate":1.0000000000000006e-10,"val_mf1":77.8406950770338,"train_mf1":97.67915140869798,"train_ua":97.70860389610388,"val_ua":77.25961538461539,"_runtime":83.8560267,"val_wf1":77.16500580100309}