{"mean_test_wf1":0.7195261049745934,"_runtime":395.07754206,"val_wa":76.99748217736094,"mean_val_ua":0.7574341168091168,"val_wf1":76.14884500464508,"train_ua":98.00608766233768,"mean_test_wa":0.7288891833673274,"mean_test_ua":0.719778311965812,"val_mf1":76.48175173435567,"mean_val_wa":0.7647493111295491,"val_ua":76.19301994301995,"train_loss":0.059429059284073965,"train_mf1":98.0221035904238,"_wandb":{"runtime":395},"train_wa":98.17062691382449,"_step":750,"train_wf1":98.01156669913995,"mean_val_wf1":0.7575796227680203,"_timestamp":1.7358249704936516e+09,"mean_test_uf1":0.7194327218344728,"alpha":0.7,"mean_val_uf1":0.7597340915744777,"val_loss":1.1803683174981012,"learning_rate":2.43e-07,"epoch":150}