{"val_wf1":77.07973899829335,"train_wf1":98.7713315914574,"mean_test_wa":0.7376811245632687,"val_wa":77.6657614203638,"mean_val_wf1":0.7620154929380989,"train_ua":98.76501623376625,"mean_test_wf1":0.7287104857739944,"val_ua":77.11004273504273,"train_wa":98.92835181151487,"alpha":0.5,"mean_test_ua":0.7309695512820513,"train_mf1":98.77949635110926,"_step":750,"mean_val_uf1":0.7643271036188587,"mean_val_wa":0.7685059719482051,"_wandb":{"runtime":470},"val_loss":1.2014636662271287,"mean_val_ua":0.7625578703703704,"train_loss":0.043742305412888524,"_runtime":470.398042109,"_timestamp":1.735833424847476e+09,"learning_rate":2.43e-07,"epoch":150,"val_mf1":77.39014916957619,"mean_test_uf1":0.7286636634066667}