{"_wandb":{"runtime":35},"val_wf1":76.88104385455154,"learning_rate":1.0000000000000002e-07,"val_wa":78.25071662508275,"epoch":100,"val_mf1":77.09969984165458,"train_loss":0.09934674128890038,"_timestamp":1.734512322900811e+09,"train_ua":97.00892857142858,"val_ua":76.79086538461539,"train_wf1":97.01663249180393,"val_loss":0.7448402166366577,"_runtime":35.2952844,"_step":99,"train_wa":97.27102059552065,"train_mf1":97.02916707091251}