{"val_wa":76.52330748367817,"val_loss":0.8774063123597039,"epoch":19,"train_loss":0.23540499040058682,"val_wf1":75.05208146126508,"val_ua":75.24483618233619,"_runtime":81.434227013,"val_mf1":75.36522534473247,"train_wf1":92.33521842089225,"_timestamp":1.7357457725213907e+09,"_step":118,"learning_rate":0.0001,"_wandb":{"runtime":81},"train_mf1":92.23276065123768,"train_wa":92.78664505093246,"train_ua":92.32142857142858}