{"epoch":200,"mean_test_wf1":0.7561249418955032,"train_mf1":97.2538503052217,"train_wf1":97.15133859021296,"mean_val_ua":0.7643893914473684,"alpha":0.5,"train_loss":0.10246397218396587,"val_mf1":76.2533987091772,"val_wa":76.9063537497637,"_timestamp":1.7352912659397147e+09,"mean_test_uf1":0.7579351319105119,"val_ua":75.94366776315789,"mean_val_wa":0.772728089865725,"_wandb":{"runtime":560},"val_loss":0.7495115697383881,"val_wf1":75.80992717499325,"mean_val_wf1":0.7643944995854385,"_step":1000,"mean_test_ua":0.7573317307692307,"learning_rate":1.0000000000000006e-10,"mean_val_uf1":0.7665479629787497,"train_ua":97.15122555245111,"_runtime":560.6801521,"train_wa":97.36455801741708,"mean_test_wa":0.7642135962027267}