{"val_ua":74.43910256410257,"mean_val_wf1":0.7538246472905252,"val_loss":1.2418574889500935,"alpha":0.3,"_step":750,"learning_rate":2.43e-07,"mean_val_uf1":0.7573345009720186,"_wandb":{"runtime":204},"epoch":150,"val_wa":74.92035009313918,"mean_test_wa":0.7192513848649137,"train_mf1":98.42777326637648,"train_wf1":98.47507862552395,"train_ua":98.46753246753246,"mean_val_ua":0.753886217948718,"mean_val_wa":0.7592875239619495,"val_mf1":74.72407195915885,"train_wa":98.62963958214269,"_runtime":204.30461385,"mean_test_ua":0.7101139601139602,"train_loss":0.05043107084929943,"_timestamp":1.7365715840961163e+09,"mean_test_wf1":0.7073015046111879,"mean_test_uf1":0.708174556340879,"val_wf1":74.40131712369555}