{"mean_test_uf1":0.7568770846646764,"val_ua":75.93260327635328,"train_loss":0.059280599866594584,"mean_val_wf1":0.7684160516344247,"mean_val_ua":0.7683181980056981,"mean_test_wa":0.7616961192628777,"mean_test_ua":0.7566016737891739,"epoch":100,"val_loss":0.8221122953626845,"mean_test_wf1":0.7569017275568019,"train_wa":98.35396776755499,"val_mf1":76.12513477537797,"alpha":0.1,"mean_val_wa":0.774803163990995,"_step":500,"learning_rate":2.7e-06,"val_wf1":75.91206731116726,"train_mf1":98.18047711359618,"mean_val_uf1":0.7697141425437564,"_runtime":217.466059664,"_wandb":{"runtime":217},"val_wa":76.4872779857524,"train_ua":98.25162337662339,"train_wf1":98.25633283474087,"_timestamp":1.73565973726836e+09}