{"val_mf1":74.81958398264007,"train_loss":0.1029891603759357,"val_loss":0.7139077067375184,"val_ua":74.98397435897436,"_timestamp":1.73450618003681e+09,"val_wa":76.89910079421696,"epoch":200,"train_ua":96.80073051948052,"train_wf1":96.80483734459695,"train_mf1":96.82840123310679,"_runtime":73.0656835,"learning_rate":1.0000000000000006e-10,"_step":199,"_wandb":{"runtime":73},"train_wa":97.01637859098652,"val_wf1":75.03158758459773}