{"val_ua":76.9911858974359,"val_wf1":77.02487166202488,"_step":199,"train_mf1":96.92175941698693,"epoch":200,"train_wa":97.19138178800986,"val_wa":78.44234959510726,"train_wf1":96.91755681300803,"_timestamp":1.7344267946135557e+09,"_runtime":75.2337916,"val_mf1":77.56027920618875,"train_ua":96.89853896103897,"train_loss":0.10670177383082254,"_wandb":{"runtime":75},"learning_rate":1.0000000000000006e-10,"val_loss":0.7268279433250427}