{"val_wa":74.96349650835771,"_wandb":{"runtime":234},"_timestamp":1.735744785179695e+09,"val_mf1":74.40826935459195,"epoch":69,"val_loss":1.0879289242956374,"train_loss":0.09493385500141553,"_runtime":233.826482225,"val_ua":74.22765313390313,"train_wa":97.61893046313688,"train_mf1":97.36308750816727,"val_wf1":74.23794291528665,"train_wf1":97.32472151018753,"learning_rate":1.0000000000000002e-06,"train_ua":97.32183441558442,"_step":368}