{"val_loss":0.9413648909992642,"_runtime":43.962153616,"train_wf1":91.31013215885446,"learning_rate":0.0001,"_timestamp":1.7373444218242886e+09,"val_ua":73.88710826210826,"train_ua":91.30275974025975,"train_loss":0.2460905351809093,"val_mf1":73.95747105803679,"val_wa":74.37816726083157,"_wandb":{"runtime":44},"epoch":24,"val_wf1":73.8686594513596,"train_mf1":91.4908961544487,"_step":173,"train_wa":92.07844014580638}