{"val_ua":76.21750356125357,"mean_test_uf1":0.7326637759767533,"val_wf1":76.24908819837147,"alpha":0.9,"mean_val_ua":0.7598557692307691,"mean_val_wa":0.7644674104794646,"mean_test_ua":0.7343171296296296,"_step":750,"mean_val_uf1":0.7613380753327855,"train_wf1":98.65129790344923,"mean_test_wf1":0.7335135355618767,"mean_test_wa":0.7373831030120234,"val_wa":76.88267308167393,"learning_rate":2.43e-07,"val_loss":1.206032892068227,"train_mf1":98.6385148611654,"_timestamp":1.736581035295822e+09,"_wandb":{"runtime":196},"mean_val_wf1":0.7595296876402342,"train_wa":98.81171964478607,"_runtime":196.483807459,"epoch":150,"train_ua":98.64610389610388,"train_loss":0.045329041353293825,"val_mf1":76.69608741839288}