{"learning_rate":1.0000000000000002e-07,"_wandb":{"runtime":32},"train_mf1":96.95949996404251,"_runtime":32.4411849,"_timestamp":1.7345117999925272e+09,"val_wa":77.27834875225508,"train_wf1":96.97412096750493,"val_mf1":76.2087424731639,"val_loss":0.7572781324386597,"train_ua":96.96428571428571,"train_wa":97.2268428711848,"epoch":100,"train_loss":0.10872761553951672,"val_wf1":76.2470645331051,"val_ua":76.16586538461539,"_step":99}