{"_timestamp":1.7351962329405527e+09,"val_uf1":0.7468905458742983,"train_wf1":97.63471183503172,"val_wf1":0.7500558393558717,"val_wa":0.757714554588344,"val_mf1":74.68905458742982,"train_mf1":97.70512242352814,"val_loss":0.7936355099081993,"train_wa":97.81461975475507,"learning_rate":1.0000000000000006e-10,"_step":200,"train_loss":0.08056313977126152,"_runtime":86.9327616,"train_ua":97.6302483358935,"_wandb":{"runtime":86},"epoch":200,"val_ua":0.7503255208333334}