{"_timestamp":1.7357445475113645e+09,"val_wf1":76.15259816333688,"learning_rate":1.0000000000000002e-07,"mean_test_wf1":0.7344730558086617,"train_wa":97.22568218295599,"mean_test_ua":0.7354344729344728,"train_mf1":96.9541555981262,"mean_test_uf1":0.7363935994882999,"alpha":0.3,"mean_val_wa":0.765727259157098,"train_loss":0.09590878087495054,"val_ua":76.19301994301995,"_wandb":{"runtime":281},"_step":500,"train_ua":96.9200487012987,"epoch":100,"val_loss":1.0042674607700772,"mean_val_wf1":0.7589415322726791,"mean_val_uf1":0.7605275146972602,"mean_test_wa":0.7464462463697188,"val_mf1":76.41205989242532,"_runtime":281.127325553,"mean_val_ua":0.7592770655270654,"val_wa":76.82132113468114,"train_wf1":96.92320677760958}