{"val_wf1":76.75713042154435,"mean_test_uf1":0.7628791873605387,"mean_test_wf1":0.7608442225944783,"epoch":150,"train_loss":0.0575375748532159,"mean_val_ua":0.7641381766381766,"_timestamp":1.7359156397830462e+09,"_step":750,"val_mf1":77.27682440958881,"train_ua":98.4971590909091,"alpha":0.1,"mean_test_wa":0.7637176122063453,"val_wa":77.52692924167593,"mean_val_wa":0.7692902344936199,"_runtime":248.019260857,"mean_val_uf1":0.7677501803260227,"train_wf1":98.50105820784236,"val_ua":76.86298076923077,"_wandb":{"runtime":248},"mean_test_ua":0.7615473646723647,"train_mf1":98.5610924176002,"learning_rate":2.43e-07,"val_loss":0.8676920466952853,"train_wa":98.66319630396602,"mean_val_wf1":0.7640188786795017}