{"val_ua":77.07932692307693,"val_loss":0.7567195534706116,"_timestamp":1.734603952822727e+09,"train_wf1":96.19857627700455,"learning_rate":1.0000000000000002e-07,"_runtime":37.5066686,"train_wa":96.53403296923551,"train_ua":96.1984577922078,"val_wf1":77.11368907089516,"epoch":100,"val_mf1":77.42375224208364,"val_wa":78.29368146854061,"train_mf1":96.32650417344534,"_wandb":{"runtime":37},"_step":99,"train_loss":0.10966894051858357}