{"val_wf1":76.77341229269132,"_runtime":68.69316069999999,"learning_rate":1.0000000000000006e-10,"val_wa":77.51219198751697,"val_loss":0.7413512229919433,"train_loss":0.1462206082684653,"val_mf1":76.70974692025621,"val_ua":76.63461538461537,"train_wf1":95.31393755137833,"train_ua":95.28287337662337,"epoch":200,"_wandb":{"runtime":68},"train_mf1":95.22047642248769,"train_wa":95.55797308329012,"_step":199,"_timestamp":1.7345049213673854e+09}