{"train_loss":0.0903753291283335,"_wandb":{"runtime":33},"learning_rate":1.0000000000000002e-07,"train_ua":97.15056818181817,"train_mf1":97.19432588206797,"val_loss":0.716275668144226,"val_mf1":77.93049835649425,"train_wa":97.50437124240554,"_step":99,"val_wf1":77.64590225215822,"train_wf1":97.16029638409296,"val_wa":79.14805153773969,"val_ua":77.57211538461539,"_timestamp":1.7345110306703823e+09,"_runtime":33.3885244,"epoch":100}