{"_timestamp":1.7357530412450264e+09,"epoch":150,"mean_test_ua":0.7260016025641025,"mean_test_wf1":0.7253100542730904,"alpha":0.3,"train_wf1":98.70963511545133,"mean_val_wa":0.7639707525008712,"val_mf1":75.25594387463626,"mean_test_uf1":0.7266880810358874,"val_wa":75.80560871999226,"train_loss":0.04369262337152447,"mean_val_uf1":0.7592706557165048,"val_loss":1.1711056563589308,"learning_rate":2.43e-07,"_runtime":444.732316289,"mean_test_wa":0.734978836213761,"mean_val_ua":0.7574563746438746,"train_mf1":98.7105392620935,"train_ua":98.70535714285714,"mean_val_wf1":0.7573501351328952,"train_wa":98.87357697330837,"val_ua":75.0400641025641,"val_wf1":75.0329246644486,"_step":750,"_wandb":{"runtime":444}}