{"_wandb":{"runtime":334},"_runtime":334.756421517,"mean_test_uf1":0.7424161662927368,"mean_val_ua":0.7646525493421052,"train_loss":0.06560952120250271,"train_wa":98.20227055298594,"val_loss":0.7429645881056786,"learning_rate":1.0000000000000006e-10,"mean_test_wf1":0.7401197021795771,"val_wa":78.23622942168922,"train_ua":98.18508699517399,"alpha":0.1,"val_wf1":77.37769603278,"_timestamp":1.735450011758178e+09,"mean_val_wf1":0.7643536764181664,"mean_val_uf1":0.7671672660455708,"val_mf1":77.99205864682875,"mean_val_wa":0.7742369171179766,"epoch":200,"val_ua":77.37870065789474,"train_wf1":98.18699488810606,"_step":1000,"mean_test_wa":0.7424099767904117,"train_mf1":98.17456055518366,"mean_test_ua":0.7404647435897436}