{"train_ua":97.30222734254991,"val_mf1":77.16954647249608,"epoch":48,"_wandb":{"runtime":100},"val_loss":0.7044921889901161,"_step":247,"train_wa":97.4429624582506,"val_wf1":76.77776209523263,"train_mf1":97.25648673784666,"val_ua":76.82291666666666,"train_wf1":97.31468434641201,"learning_rate":1e-05,"val_wa":77.45637180623623,"_timestamp":1.735204624188052e+09,"_runtime":100.7391478,"train_loss":0.09727702434024503}