{"_wandb":{"runtime":211},"_step":750,"epoch":150,"_runtime":211.210793127,"learning_rate":2.43e-07,"mean_test_uf1":0.728027026423742,"val_mf1":75.76167199253709,"train_mf1":98.69166170610109,"mean_val_wa":0.7667462721106635,"mean_val_ua":0.7616052350427349,"alpha":0.9,"mean_test_ua":0.7287882834757834,"train_loss":0.049388359487056735,"val_wa":75.8697405765517,"train_wf1":98.68708635874052,"mean_test_wf1":0.7272927413306527,"val_ua":75.55422008547008,"train_ua":98.68303571428572,"train_wa":98.86662282138097,"mean_val_wf1":0.7605972115522801,"mean_test_wa":0.7358750744700894,"mean_val_uf1":0.7635176891035453,"val_wf1":75.4901325893979,"_timestamp":1.7365678642739887e+09,"val_loss":1.229446874724494}