{"val_loss":0.6635528683662415,"train_wa":97.6082295799814,"epoch":200,"val_mf1":77.53978720413375,"_timestamp":1.7345096639032335e+09,"_wandb":{"runtime":111},"learning_rate":1.0000000000000006e-10,"val_ua":77.4599358974359,"_runtime":111.0439533,"train_wf1":97.47349211425849,"train_loss":0.08158718230468887,"train_ua":97.47077922077922,"train_mf1":97.45830727658321,"val_wa":79.23599089617666,"val_wf1":77.42323388842347,"_step":199}