{"_wandb":{"runtime":402},"mean_val_uf1":0.7614926611808549,"learning_rate":2.43e-07,"val_loss":1.241809156205919,"_timestamp":1.7358303577433946e+09,"mean_val_ua":0.7593482905982906,"mean_test_ua":0.719974180911681,"train_ua":98.15503246753246,"train_loss":0.05296591403228896,"alpha":0.3,"train_wa":98.38924928249403,"val_wa":76.31542795598494,"epoch":150,"mean_test_uf1":0.7195806090664745,"val_mf1":76.12259869702311,"train_mf1":98.09626110769865,"mean_test_wa":0.7276979175241494,"mean_test_wf1":0.719498243639815,"val_ua":76.07505341880342,"train_wf1":98.16452258134359,"mean_val_wf1":0.7591621716321236,"_runtime":402.481993974,"_step":750,"val_wf1":76.0486528339174,"mean_val_wa":0.7637064838305195}