{"_timestamp":1.7365804199366527e+09,"mean_val_ua":0.7607638888888888,"val_mf1":76.3052621297271,"val_ua":76.24866452991452,"_step":750,"alpha":0.3,"val_wa":76.82332817648839,"mean_test_wf1":0.7226193526245084,"mean_test_uf1":0.7226082258698633,"val_wf1":76.11129791998184,"mean_val_wf1":0.7606988079492533,"train_loss":0.047232571403895106,"_runtime":202.821280119,"mean_val_uf1":0.7634259115951736,"mean_test_wa":0.7304229221547976,"mean_test_ua":0.7239271723646723,"_wandb":{"runtime":202},"train_wf1":98.5684610366421,"learning_rate":2.43e-07,"train_ua":98.56412337662339,"epoch":150,"val_loss":1.2379508018493652,"train_mf1":98.54930817973623,"mean_val_wa":0.7658937336795021,"train_wa":98.73184062621009}