{"train_ua":96.99431818181817,"learning_rate":1.0000000000000002e-07,"_wandb":{"runtime":48},"val_wf1":79.44783281489337,"train_wf1":97.00621421263233,"val_wa":80.83590787000391,"val_ua":79.42307692307693,"val_loss":0.6523226857185364,"train_loss":0.09195755496621132,"_runtime":48.5101124,"val_mf1":80.40829519640391,"_step":99,"train_wa":97.3161582990571,"_timestamp":1.7345107008468857e+09,"epoch":100,"train_mf1":96.97814147833924}