{"train_ua":98.0284090909091,"_runtime":71.498980926,"learning_rate":2.7e-06,"val_loss":0.8127896520826552,"train_wf1":98.03236992849047,"train_loss":0.05900872562612806,"val_wf1":76.41863401041063,"val_wa":76.8663463342102,"val_mf1":76.52734098102484,"train_mf1":98.01429177466657,"train_wa":98.14433800091477,"_step":199,"val_ua":76.3733084045584,"_wandb":{"runtime":71},"_timestamp":1.7356594464972527e+09,"epoch":100}