{"mean_val_uf1":0.760720464529461,"train_loss":0.05769498803867744,"mean_val_wf1":0.7554453144858881,"val_mf1":75.75245864750973,"train_mf1":98.16573286202731,"learning_rate":2.7e-06,"train_wa":98.36718548669808,"mean_test_wa":0.7559991464013203,"train_ua":98.16259206219313,"epoch":100,"mean_test_ua":0.7505128205128205,"alpha":0.5,"mean_val_wa":0.760586702499746,"mean_test_wf1":0.7500156607354087,"val_wf1":75.17820609117783,"_runtime":226.961777893,"val_ua":75.09615384615384,"val_loss":0.8627089977264404,"_wandb":{"runtime":226},"_step":500,"_timestamp":1.7354704932402499e+09,"mean_test_uf1":0.7539495511358426,"val_wa":75.44211088232827,"mean_val_ua":0.7555128205128204,"train_wf1":98.16553147392779}