{"alpha":0.3,"val_ua":75.10238603988604,"train_loss":0.05937291612582547,"train_wf1":98.49363627050288,"_wandb":{"runtime":198},"mean_test_ua":0.7019186253561254,"train_mf1":98.56090817285809,"val_wa":75.71933356100291,"_step":750,"mean_val_ua":0.7499421296296296,"learning_rate":2.43e-07,"_timestamp":1.736570532160149e+09,"val_wf1":75.09598169178345,"mean_test_uf1":0.7006381199633912,"train_wa":98.7036936724833,"mean_val_wa":0.7544309001552872,"val_loss":1.2755568159951105,"mean_val_wf1":0.7499576343314031,"_runtime":198.36004982,"mean_val_uf1":0.7531936123146463,"epoch":150,"train_ua":98.48985389610388,"mean_test_wf1":0.7004119210777783,"mean_test_wa":0.7087478878798219,"val_mf1":75.46856036806244}