{"val_wa":75.17903788843648,"val_mf1":74.64630195499124,"_timestamp":1.7350222194778259e+09,"val_ua":74.71554487179488,"train_ua":97.15097402597402,"val_wf1":74.62772676061118,"_runtime":44.4270831,"_step":99,"_wandb":{"runtime":44},"val_loss":0.7997092247009278,"epoch":100,"train_loss":0.09348587170243264,"train_wa":97.3701753235217,"train_mf1":97.17890885429418,"train_wf1":97.16239555433371,"learning_rate":1.0000000000000002e-07}