{"val_mf1":77.1800681003656,"mean_val_wa":0.7722913224063147,"mean_val_wf1":0.764795825443614,"_runtime":231.545794706,"val_wa":77.77024107626873,"learning_rate":2.7e-06,"train_wa":98.86795929881256,"train_mf1":98.78262159281286,"mean_val_ua":0.7646723646723647,"mean_test_uf1":0.756967858228833,"val_wf1":76.68821346311798,"train_loss":0.043844516788210185,"train_wf1":98.73071179898672,"_wandb":{"runtime":231},"mean_test_wa":0.7633398981441403,"train_ua":98.72767857142857,"alpha":0.3,"val_ua":76.6826923076923,"val_loss":0.8284570905897353,"_step":500,"epoch":100,"_timestamp":1.7357396163899403e+09,"mean_val_uf1":0.7678729659157708,"mean_test_wf1":0.754173936415469,"mean_test_ua":0.7545940170940171}