{"val_wf1":77.35284567241088,"train_wf1":98.60311545632025,"train_loss":0.04682919340474265,"val_ua":77.32149216524216,"mean_test_uf1":0.758309015991024,"val_wa":78.05934050031196,"epoch":100,"alpha":0.5,"_wandb":{"runtime":195},"_step":500,"mean_test_wf1":0.7570855683213465,"val_loss":0.8148371378580729,"val_mf1":77.66505382500716,"mean_val_ua":0.7670405982905982,"_runtime":195.40938084,"mean_val_wf1":0.7668851771683002,"mean_val_uf1":0.7700156463419828,"train_wa":98.7683949061987,"mean_test_ua":0.757269408831909,"mean_test_wa":0.7626638314538525,"learning_rate":2.7e-06,"train_ua":98.60146103896103,"mean_val_wa":0.7743481290134849,"train_mf1":98.65143462255168,"_timestamp":1.7354717024859555e+09}