{"train_loss":0.06661031448415347,"mean_test_ua":0.7603187321937321,"mean_val_uf1":0.7688812605522952,"alpha":0.3,"mean_test_wf1":0.7602411021038639,"val_ua":76.1195690883191,"mean_val_wf1":0.765979276818313,"mean_val_ua":0.7659410612535612,"learning_rate":2.7e-06,"train_wf1":97.77900521512692,"_step":500,"epoch":100,"val_wf1":76.13430713323788,"_timestamp":1.7356599520240438e+09,"train_mf1":97.78746665193964,"train_wa":98.04875633926767,"train_ua":97.76826298701299,"mean_test_wa":0.7655275402066992,"mean_val_wa":0.7742648500763056,"val_mf1":76.27305835237857,"val_wa":76.75904291169174,"val_loss":0.855331665939755,"_runtime":211.605255537,"_wandb":{"runtime":211},"mean_test_uf1":0.7611696161254361}