{"val_wa":78.2180747109571,"learning_rate":1.0000000000000002e-07,"train_wa":94.62671885900728,"train_mf1":94.31725239641543,"_wandb":{"runtime":58},"val_mf1":77.10970092240481,"train_ua":94.23457792207793,"val_ua":76.94711538461539,"_step":99,"_timestamp":1.734599049976397e+09,"val_loss":0.6290964245796203,"epoch":100,"train_loss":0.17791124880313874,"_runtime":58.4246904,"val_wf1":77.02321039744223,"train_wf1":94.24400990314041}