{"mean_val_wa":0.7703823263544557,"val_wf1":76.24083221672457,"val_ua":76.21750356125357,"train_loss":0.051775859775287765,"learning_rate":2.43e-07,"mean_val_wf1":0.765560892287057,"mean_val_ua":0.7658475783475784,"val_wa":76.85083987926521,"val_mf1":76.56518539218588,"_timestamp":1.7365034050353131e+09,"mean_test_ua":0.7267316595441595,"val_loss":1.2450290653440688,"mean_test_wf1":0.7257098729891849,"epoch":150,"train_wf1":98.580994402205,"mean_val_uf1":0.7675701660775438,"_step":750,"mean_test_wa":0.7336120513497021,"_wandb":{"runtime":195},"mean_test_uf1":0.7259844602529508,"_runtime":195.96360403,"train_wa":98.72779405429378,"train_ua":98.5791396103896,"alpha":0.1,"train_mf1":98.61367459561757}