{"val_ua":76.63461538461537,"_step":99,"train_wa":97.0823816291044,"_runtime":33.8100618,"train_mf1":96.87576172715576,"_timestamp":1.7345117287650921e+09,"_wandb":{"runtime":33},"learning_rate":1.0000000000000002e-07,"val_mf1":77.15323319172194,"train_wf1":96.84669996860431,"train_loss":0.10979020042078835,"train_ua":96.83806818181817,"epoch":100,"val_loss":0.7545838952064514,"val_wf1":76.60501699709857,"val_wa":78.07333782299806}