{"mean_test_uf1":0.7268130034738423,"mean_test_ua":0.7273148148148149,"learning_rate":2.43e-07,"val_wf1":75.24924143102297,"train_ua":97.98376623376625,"alpha":0.3,"val_mf1":75.31065726011764,"train_mf1":98.01184635807635,"val_ua":75.15803062678063,"_timestamp":1.7358263749566782e+09,"val_loss":1.172808567682902,"mean_test_wf1":0.7265612079452664,"_runtime":466.734149573,"_wandb":{"runtime":466},"train_loss":0.06821317513074193,"mean_val_wa":0.7638813253282235,"mean_val_ua":0.7576210826210825,"val_wa":75.61930937934123,"mean_val_wf1":0.7584489097901483,"epoch":150,"train_wa":98.16900315724472,"train_wf1":97.989660268794,"mean_val_uf1":0.7590979736690424,"_step":750,"mean_test_wa":0.7349825850382461}