{"train_loss":0.06461844465562276,"val_wa":76.99244861333337,"_step":57,"epoch":58,"val_loss":0.8084345062573751,"train_mf1":97.88146173276473,"val_wf1":76.1732876922999,"learning_rate":3e-05,"train_wa":98.02709411994327,"val_mf1":76.47451983687881,"train_ua":97.89488636363637,"train_wf1":97.89939633296302,"val_ua":76.24866452991452,"_wandb":{"runtime":23},"_timestamp":1.7357396434212632e+09,"_runtime":23.05977894}