{"train_wa":98.75985287387005,"train_loss":0.047690496700150624,"val_wf1":76.98847740322586,"mean_test_wf1":0.7272026397383768,"_wandb":{"runtime":467},"_step":750,"train_ua":98.52719155844156,"_timestamp":1.735833896130163e+09,"mean_val_uf1":0.7626555905364076,"epoch":150,"val_wa":77.7048815314356,"mean_test_wa":0.7316815719610819,"learning_rate":2.43e-07,"val_mf1":77.34191470651133,"_runtime":467.791612935,"mean_val_wa":0.7651340647694278,"mean_test_uf1":0.7264192753718581,"val_ua":77.08555911680911,"alpha":0.7,"val_loss":1.1798474258846707,"mean_test_ua":0.7288639601139602,"mean_val_ua":0.7601050569800569,"train_mf1":98.52886238037432,"train_wf1":98.52990086041459,"mean_val_wf1":0.7598881403916177}