{"val_wa":0.7553971339645551,"learning_rate":1.0000000000000006e-10,"val_mf1":75.08899285032903,"_timestamp":1.7351964086935685e+09,"train_ua":98.05787570404506,"val_wf1":0.7483484201478315,"val_ua":0.748046875,"train_wf1":98.06683324910549,"epoch":200,"_wandb":{"runtime":84},"train_mf1":98.05165707014464,"train_loss":0.0711926293949927,"_step":200,"val_uf1":0.7508899285032904,"train_wa":98.21866735996075,"val_loss":0.8385929465293884,"_runtime":84.2631486}