{"train_loss":0.09172291606664658,"val_loss":0.6926664113998413,"epoch":100,"_timestamp":1.734617890269517e+09,"val_ua":78.5536858974359,"_wandb":{"runtime":53},"val_wf1":78.48303911660996,"val_wa":80.52949305342653,"_step":99,"_runtime":53.2410799,"learning_rate":1.0000000000000002e-07,"train_wf1":97.04236383493222,"train_mf1":97.06410135642408,"val_mf1":79.11887165784248,"train_ua":97.03896103896103,"train_wa":97.28198392621495}