{"_runtime":224.320243116,"val_wa":77.39052937673979,"train_loss":0.06798044262187822,"train_ua":97.74594155844156,"mean_val_ua":0.7694711538461538,"mean_val_uf1":0.7724430404899034,"val_mf1":76.81865333179645,"val_ua":76.46011396011396,"_step":500,"learning_rate":2.7e-06,"mean_test_wa":0.766514797179892,"_timestamp":1.7356606105796225e+09,"epoch":100,"mean_test_uf1":0.7615043878696381,"mean_test_wf1":0.7603186812095131,"train_mf1":97.70536924615105,"val_wf1":76.46065845265029,"train_wa":97.92931079082177,"mean_val_wf1":0.7694994482549806,"mean_test_ua":0.760616987179487,"mean_val_wa":0.7778233361737825,"val_loss":0.825933595498403,"train_wf1":97.75081291598944,"alpha":0.9,"_wandb":{"runtime":224}}