{"train_loss":0.10129978912217276,"_runtime":34.7726413,"_wandb":{"runtime":34},"train_wf1":97.03411618612505,"train_wa":97.31747502350885,"train_mf1":97.03953318806475,"train_ua":97.02394480519482,"_step":99,"val_mf1":74.61710078402872,"epoch":100,"val_wa":75.50951392276389,"learning_rate":1.0000000000000002e-07,"_timestamp":1.734603533078376e+09,"val_ua":74.4911858974359,"val_wf1":74.51327598226192,"val_loss":0.7673498749732971}