{"_wandb":{"runtime":26},"learning_rate":1.0000000000000002e-06,"val_loss":0.8258435800671577,"train_loss":0.06429685375863506,"val_wf1":74.91508903673108,"train_ua":98.5123047875064,"_step":60,"train_wa":98.62340041796152,"val_mf1":74.79473766651523,"epoch":61,"val_ua":74.90234375,"train_wf1":98.51480493605533,"train_mf1":98.49690850099279,"_runtime":26.7224672,"_timestamp":1.7352343007725344e+09,"val_wa":75.79462110172197}