{"train_wa":96.33738397095622,"_step":199,"train_wf1":96.0016079974571,"_runtime":71.9596292,"train_ua":95.9898538961039,"learning_rate":1.0000000000000006e-10,"_timestamp":1.734436243237952e+09,"train_loss":0.1259384932262557,"val_wa":78.4693261553687,"_wandb":{"runtime":71},"val_mf1":77.54963644795816,"train_mf1":95.99764963189118,"val_ua":77.41586538461537,"val_wf1":77.34414593901366,"val_loss":0.7594448924064636,"epoch":200}