{"_wandb":{"runtime":616},"val_mf1":74.26484193632474,"mean_val_uf1":0.7672419635891421,"train_loss":0.10970426398900247,"mean_test_wa":0.7596490985838813,"epoch":200,"train_wa":96.58325224564275,"learning_rate":1.0000000000000006e-10,"_runtime":616.0561105,"mean_val_wa":0.7735685428268961,"_timestamp":1.7352918860098844e+09,"train_ua":96.34497237744476,"val_loss":0.769150473177433,"train_mf1":96.35784644762795,"mean_test_wf1":0.7499136964939142,"train_wf1":96.35030901665516,"mean_test_ua":0.7513141025641026,"val_wf1":73.90163920804483,"mean_test_uf1":0.7532594037299157,"alpha":0.7,"_step":1000,"val_ua":73.98643092105263,"mean_val_wf1":0.7653708100795613,"val_wa":74.8153290134774,"mean_val_ua":0.7652871436403509}