{"mean_val_ua":0.767704221491228,"epoch":100,"learning_rate":1.0000000000000002e-07,"mean_test_uf1":0.7465270050531159,"train_wf1":98.0858570603289,"val_mf1":76.89118430103822,"_timestamp":1.735288848089583e+09,"train_wa":98.2056859800686,"_wandb":{"runtime":204},"alpha":0.7,"_step":500,"mean_val_wf1":0.767631858377929,"train_loss":0.08010156008024369,"val_wf1":76.6412867328335,"train_mf1":98.10969443004835,"train_ua":98.08447898145796,"mean_val_uf1":0.7693577752802618,"mean_test_wa":0.7490580783624263,"val_loss":0.7608160376548767,"mean_test_wf1":0.7459719921712317,"val_ua":76.66118421052632,"val_wa":76.94011518846573,"_runtime":204.8908878,"mean_test_ua":0.7474278846153847,"mean_val_wa":0.7758699945848434}