{"fold_2_val_wf1":0.7519886068298105,"val_loss":0.7080311551690102,"fold_3_test_wf1":0.7502879585800327,"fold_1_test_uf1":0.7302999976152587,"fold_1_test_wf1":0.729294452939538,"fold_2_val_wa":0.7633924059535094,"fold_3_test_uf1":0.7515402471544572,"learning_rate":1e-05,"fold_2_test_uf1":0.7547578561473621,"train_wf1":97.63018599641325,"train_mf1":97.57289680074123,"fold_1_val_wa":0.7618968157019479,"val_ua":77.24712171052632,"fold_1_test_ua":0.7313301282051282,"fold_3_val_wf1":0.746750175156013,"fold_3_test_wa":0.7541072879659836,"_wandb":{"runtime":132},"fold_2_val_ua":0.7529296875,"epoch":36,"fold_1_test_wa":0.7317722773701034,"_step":341,"fold_3_test_ua":0.7511618589743589,"val_wf1":77.27042586872108,"fold_1_val_wf1":0.7543989064237712,"fold_3_val_uf1":0.7501861655368676,"val_mf1":77.39211229125614,"train_wa":97.77024089755326,"_runtime":131.6477126,"train_ua":97.63025463550927,"fold_3_val_ua":0.7470703125,"fold_2_val_uf1":0.7581518374875936,"fold_2_test_wf1":0.7502583440204711,"fold_2_test_ua":0.7505208333333333,"_timestamp":1.7352878837639606e+09,"fold_1_val_uf1":0.7518000146742693,"fold_3_val_wa":0.7573020345131989,"train_loss":0.08763077338376353,"fold_1_val_ua":0.7545572916666666,"val_wa":78.1831035255202,"fold_2_test_wa":0.7589595259160478}