{"_runtime":19.9008062,"train_ua":96.80073051948052,"train_wa":97.0458007053495,"train_mf1":96.79356389783999,"val_ua":76.43429487179488,"_step":42,"_timestamp":1.7346182517963626e+09,"epoch":43,"val_mf1":76.83952569377237,"train_loss":0.1009944172842162,"val_wa":78.38482114615782,"val_loss":0.7176859736442566,"val_wf1":76.38180905338915,"_wandb":{"runtime":20},"learning_rate":1e-05,"train_wf1":96.80408954510118}