{"epoch":100,"_timestamp":1.734513085885696e+09,"train_mf1":97.84249067875989,"val_wf1":74.92987360518404,"learning_rate":1.0000000000000002e-07,"train_ua":97.80519480519482,"_runtime":33.4256422,"val_mf1":75.16237206087501,"train_loss":0.08738339692354202,"train_wf1":97.81726783695699,"val_ua":75.02804487179488,"_wandb":{"runtime":33},"_step":99,"val_wa":76.12164852620896,"val_loss":0.810749626159668,"train_wa":98.05106464569253}