{"val_wf1":73.03921731103583,"_timestamp":1.7356683556347926e+09,"_runtime":40.382197456,"_step":147,"learning_rate":3e-05,"train_wa":98.19288334108683,"train_loss":0.07336468262864011,"train_ua":98.07477678571429,"_wandb":{"runtime":40},"epoch":48,"val_loss":0.911839885371072,"val_mf1":72.89656698394383,"train_mf1":98.07789402987129,"val_ua":72.9577850877193,"train_wf1":98.07911652820866,"val_wa":73.8641571670758}