{"val_mf1":77.54812125824057,"mean_ua":0.7687404057017544,"_wandb":{"runtime":418},"train_ua":97.93287242824485,"train_wa":98.07312017826322,"train_mf1":97.94202094895479,"_timestamp":1.735197279097216e+09,"train_wf1":97.93328582562083,"mean_uf1":0.7708692160448084,"val_loss":0.747912310063839,"val_wf1":77.1471922467603,"epoch":200,"train_loss":0.07737633850305312,"mean_wa":0.7772471721508339,"_runtime":418.8114069,"_step":1000,"val_ua":77.08162006578947,"val_wa":77.63695283272453,"learning_rate":1.0000000000000006e-10,"mean_wf1":0.7688407053015384,"alpha":0.5}