{"train_wa":97.5926282532748,"_timestamp":1.73519581903442e+09,"_wandb":{"runtime":436},"learning_rate":1.0000000000000006e-10,"val_wa":77.99050960892401,"_step":1000,"train_mf1":97.38123574373641,"_runtime":436.2379621,"epoch":200,"val_mf1":77.5995103380665,"train_wf1":97.43105247233692,"mean_ua":0.7622354714912281,"train_ua":97.4290386080772,"mean_wf1":0.7620485563840802,"mean_uf1":0.7644561569921215,"alpha":0.1,"val_wf1":77.22104107220291,"mean_wa":0.7707100726207793,"val_ua":77.18338815789474,"val_loss":0.7488180473446846,"train_loss":0.08028437677891023}