{"val_wa":75.02871264530818,"_step":41,"_timestamp":1.7357429030835783e+09,"epoch":42,"val_wf1":74.35772327427334,"_wandb":{"runtime":21},"train_wa":97.00982866260398,"val_loss":1.0369861390855577,"val_mf1":74.39996583230169,"val_ua":74.40126424501425,"train_wf1":96.84723091772763,"train_mf1":96.79285276133272,"train_loss":0.08850529231131077,"_runtime":20.908811701,"train_ua":96.83806818181817,"learning_rate":3e-05}