{"train_mf1":97.53558074129901,"_timestamp":1.734510859002111e+09,"_wandb":{"runtime":49},"train_loss":0.08506858753306525,"train_wa":97.78396134294714,"train_wf1":97.55138322645004,"epoch":100,"val_wa":79.10611270087276,"val_loss":0.6855140447616577,"_step":99,"val_ua":77.79647435897436,"learning_rate":1.0000000000000002e-07,"_runtime":49.5086462,"val_mf1":77.77359921145192,"train_ua":97.53774350649351,"val_wf1":77.87972425692821}