{"val_mf1":74.95264279690537,"train_wa":90.54513842518872,"_wandb":{"runtime":110},"train_wf1":89.96545275444917,"val_wf1":74.41467054539102,"val_wa":76.3726796055279,"_timestamp":1.7356673848671534e+09,"val_ua":74.40304487179488,"epoch":18,"train_loss":0.2966680897133691,"learning_rate":0.0001,"_runtime":110.103751778,"train_ua":89.92613636363636,"train_mf1":89.93306150924532,"_step":317,"val_loss":0.625857126712799}