{"_step":199,"_timestamp":1.7345085352076342e+09,"val_wa":77.64478560487613,"val_ua":76.43429487179488,"train_wf1":97.4375069381075,"train_loss":0.09523216954299382,"train_wa":97.61427288634485,"val_mf1":76.24111244889187,"epoch":200,"val_loss":0.6854474306106567,"learning_rate":1.0000000000000006e-10,"_wandb":{"runtime":94},"train_ua":97.43303571428571,"val_wf1":76.60026735123101,"train_mf1":97.45123395103695,"_runtime":94.3231404}