{"train_mf1":97.95780955871052,"mean_val_wa":0.7703939364102184,"_step":750,"mean_val_ua":0.7658386752136751,"val_ua":76.08173076923077,"mean_val_wf1":0.7665207316661513,"train_ua":97.94642857142857,"alpha":0.1,"val_wf1":76.14362860181308,"_runtime":375.525910863,"epoch":150,"mean_test_wf1":0.7397161339592474,"val_loss":1.0698505971166823,"mean_test_wa":0.7527733513085704,"_timestamp":1.735749746046938e+09,"train_wa":98.19121726689824,"mean_val_uf1":0.7669579946263991,"mean_test_uf1":0.7430697972571775,"val_wa":76.66472540122709,"mean_test_ua":0.741261574074074,"_wandb":{"runtime":375},"learning_rate":2.43e-07,"train_loss":0.06624674206333502,"val_mf1":76.21589901351382,"train_wf1":97.95042673971514}