{"train_wf1":96.9045631427771,"mean_test_wf1":0.7504045176636047,"_step":1000,"alpha":0.1,"_timestamp":1.7352901225195308e+09,"val_mf1":75.63814904994956,"_wandb":{"runtime":572},"_runtime":572.6927577,"mean_test_wa":0.7588042818912384,"train_loss":0.10385405776962157,"mean_test_uf1":0.7524917368997112,"val_wa":75.96836381784539,"val_wf1":75.4935948436649,"learning_rate":1.0000000000000006e-10,"mean_val_ua":0.7647717927631579,"train_mf1":96.94557022180162,"mean_test_ua":0.7519391025641026,"mean_val_uf1":0.7657267051066744,"val_ua":75.54893092105263,"mean_val_wa":0.7712572888364831,"val_loss":0.7804433554410934,"train_wa":97.13360050252051,"epoch":200,"train_ua":96.89960629921259,"mean_val_wf1":0.7650063417833413}