{"val_wf1":76.82883580493576,"learning_rate":1.0000000000000006e-10,"train_ua":97.27719155844156,"_runtime":99.7926495,"_timestamp":1.734509246885765e+09,"train_wf1":97.27852825936955,"_wandb":{"runtime":99},"val_mf1":77.74295686573916,"val_loss":0.6909084796905518,"train_loss":0.0866692813379424,"train_wa":97.45304766465144,"epoch":200,"_step":199,"val_wa":79.22493112261687,"train_mf1":97.2492762461752,"val_ua":76.90304487179486}