{"learning_rate":1.0000000000000006e-10,"_timestamp":1.7344198985989738e+09,"val_wa":78.67663527523983,"val_mf1":77.01506999214573,"val_loss":0.6695111870765686,"train_wa":94.80934911406105,"train_ua":94.26420454545455,"_step":199,"train_loss":0.17048134229012898,"val_ua":76.63461538461537,"_runtime":66.382728,"train_mf1":94.340588485954,"train_wf1":94.3021240445926,"_wandb":{"runtime":66},"epoch":200,"val_wf1":76.68553812712051}