{"val_wf1":78.29614433082621,"epoch":100,"_wandb":{"runtime":50},"train_wa":97.53896695907667,"_step":99,"val_ua":78.3974358974359,"learning_rate":1.0000000000000002e-07,"train_mf1":97.39941131862886,"_timestamp":1.7346179441585357e+09,"_runtime":50.3806443,"train_wf1":97.37630637885006,"val_wa":79.9137695867843,"train_loss":0.08571641727217606,"train_ua":97.37378246753246,"val_loss":0.6965606451034546,"val_mf1":79.07776617819202}