{"train_ua":97.7310547875064,"train_wf1":97.7393796847699,"val_loss":0.8251714110374451,"val_wa":77.12066767704945,"val_wf1":76.14159889851318,"train_loss":0.08060171611366733,"_timestamp":1.7352035968204603e+09,"val_mf1":76.5137926087639,"train_wa":98.02349988881974,"_wandb":{"runtime":307},"_runtime":307.3975577,"learning_rate":1.0000000000000002e-06,"epoch":75,"val_ua":76.13932291666666,"train_mf1":97.74325126288737,"_step":474}