{"train_loss":0.22595086012567792,"_step":199,"_wandb":{"runtime":71},"train_wa":92.69426160317211,"train_ua":92.15097402597402,"_runtime":71.0429676,"val_ua":74.40304487179488,"learning_rate":1.0000000000000006e-10,"val_loss":0.6968145728111267,"val_mf1":74.71846150793047,"train_wf1":92.16707002998527,"val_wa":76.07940916824211,"_timestamp":1.7344257388227777e+09,"epoch":200,"train_mf1":92.29151813296858,"val_wf1":74.23699258255212}