{"_timestamp":1.7344193680368567e+09,"_wandb":{"runtime":71},"val_wa":79.40223300955506,"val_wf1":78.69364673326432,"_step":199,"learning_rate":1.5625000000000009e-12,"val_loss":0.6289500713348388,"train_mf1":93.0469442345144,"_runtime":71.4818226,"train_wa":93.58257779196346,"val_mf1":78.28368398752403,"train_wf1":93.00823593456049,"train_loss":0.20174453130790165,"epoch":200,"train_ua":92.97686688311687,"val_ua":78.50961538461539}