{"train_loss":0.6225637793540955,"train_wf1":77.42947663452081,"val_mf1":73.665891005392,"_step":107,"epoch":8,"_timestamp":1.735233388198338e+09,"train_ua":77.35935099846391,"val_loss":0.6767698973417282,"train_wa":78.23458573101301,"val_ua":73.30729166666666,"_runtime":46.9684407,"_wandb":{"runtime":47},"val_wa":73.98630824026623,"learning_rate":0.0001,"val_wf1":73.37448593131477,"train_mf1":77.65295474500327}