{"val_loss":1.184998439417945,"mean_val_wf1":0.7587163301088213,"mean_val_ua":0.7591435185185185,"val_wf1":75.98180656340267,"epoch":150,"learning_rate":2.43e-07,"val_mf1":75.8753045661051,"train_wf1":98.61751761594758,"train_wa":98.79126553945369,"train_ua":98.60876623376625,"_wandb":{"runtime":213},"mean_val_uf1":0.7610320569035592,"val_ua":76.01940883190883,"mean_test_uf1":0.7356369378906542,"mean_test_wf1":0.7342364674008843,"alpha":0.3,"mean_val_wa":0.7672461961445125,"train_loss":0.04671363085508347,"train_mf1":98.5940245266809,"_runtime":213.262564139,"mean_test_ua":0.7347400284900285,"val_wa":76.57454403828558,"mean_test_wa":0.7429685503920566,"_step":750,"_timestamp":1.7365742261080062e+09}