{"train_wa":97.49145480800252,"train_loss":0.09180392878396171,"val_loss":1.3204836315578885,"learning_rate":3e-05,"_step":58,"val_mf1":71.97144112551842,"_wandb":{"runtime":41},"val_wf1":71.82966965964721,"train_ua":97.17329545454545,"train_mf1":97.203369243038,"_timestamp":1.7358885997263834e+09,"_runtime":40.85523483,"val_wa":71.09128000547814,"epoch":59,"val_ua":71.71696937321937,"train_wf1":97.18536175802728}