{"val_loss":1.2594459586673312,"val_wa":76.68757939089815,"val_wf1":75.58899183579192,"train_wa":99.03534663930353,"train_mf1":98.89643639340515,"val_mf1":76.06866019907757,"_wandb":{"runtime":214},"_timestamp":1.7365690938054976e+09,"learning_rate":2.43e-07,"mean_val_uf1":0.7636711304509598,"mean_test_wf1":0.7323665675815278,"epoch":150,"train_loss":0.04036164565810135,"mean_val_wf1":0.7599329017910689,"alpha":0.9,"mean_val_wa":0.7687465065111401,"_step":750,"mean_test_wa":0.7388336857881481,"val_ua":75.67886396011396,"_runtime":214.138930321,"mean_test_ua":0.7338586182336181,"train_wf1":98.96878095000835,"mean_val_ua":0.7603053774928774,"train_ua":98.9659090909091,"mean_test_uf1":0.7336088063597571}