{"train_ua":98.45982142857143,"val_mf1":75.95616655279503,"val_ua":75.90811965811966,"_step":267,"_wandb":{"runtime":76},"train_loss":0.053598092709268845,"_runtime":76.326087185,"train_wa":98.64889385950708,"train_mf1":98.47348856240731,"train_wf1":98.46284194189235,"epoch":118,"_timestamp":1.7365760786244175e+09,"learning_rate":2.7e-06,"val_wa":76.48531946199869,"val_wf1":75.85364166477763,"val_loss":1.209567924340566}