{"val_ua":76.7516915954416,"epoch":100,"train_loss":0.051903790341956274,"mean_test_wa":0.7622647718312348,"train_mf1":98.50610556072938,"_wandb":{"runtime":217},"learning_rate":2.7e-06,"val_wf1":76.73438314599309,"mean_val_ua":0.7640046296296296,"mean_test_wf1":0.7563269060495913,"train_wf1":98.50763524109513,"_runtime":217.997742122,"mean_val_wa":0.7704688657467406,"_step":500,"val_mf1":76.99789441284194,"mean_val_uf1":0.7669486521383048,"train_ua":98.50487012987013,"val_wa":77.39250687601923,"train_wa":98.61556249148991,"mean_test_ua":0.7566728988603988,"mean_val_wf1":0.7642152297147623,"mean_test_uf1":0.7578001282303932,"alpha":0.9,"val_loss":0.8482589324315389,"_timestamp":1.7354721292477572e+09}