{"val_wf1":77.98861862480615,"train_mf1":98.30732763328248,"_wandb":{"runtime":30},"train_loss":0.05625859134431396,"val_mf1":78.96778644162275,"train_wf1":98.28169553979869,"_timestamp":1.735459817830882e+09,"val_wa":79.5778302609123,"val_ua":77.92868589743588,"train_ua":98.28125,"_runtime":29.918171316,"_step":47,"train_wa":98.40719819840771,"epoch":48,"val_loss":0.7148438215255737,"learning_rate":3e-05}