{"mean_test_wa":0.7094452426345066,"train_wa":98.30504789107707,"alpha":0.3,"mean_val_ua":0.7502136752136751,"_step":750,"mean_test_wf1":0.7083774128815958,"learning_rate":2.43e-07,"mean_test_ua":0.7100249287749288,"train_loss":0.06151545191449778,"_wandb":{"runtime":234},"val_loss":1.2231279744042292,"epoch":150,"mean_val_wa":0.7555584368693143,"val_wf1":75.14621999302884,"mean_val_wf1":0.7503525154537594,"val_ua":75.09570868945869,"val_mf1":75.48508342311678,"train_mf1":98.08158774117372,"train_wf1":98.11425824642028,"val_wa":75.65601736107632,"_runtime":234.084628919,"mean_val_uf1":0.7536551530619645,"train_ua":98.1103896103896,"_timestamp":1.7365780989011014e+09,"mean_test_uf1":0.7063555447169076}