{"val_mf1":77.49143766941809,"_runtime":38.1747268,"_step":99,"learning_rate":1.0000000000000002e-07,"_timestamp":1.7345122841085677e+09,"train_ua":97.05357142857143,"val_ua":77.14743589743588,"_wandb":{"runtime":38},"val_wf1":77.19148626226193,"train_mf1":97.09264273016066,"train_wf1":97.06276203179134,"val_loss":0.7361828088760376,"val_wa":78.42684591502703,"train_wa":97.28439788261103,"epoch":100,"train_loss":0.10617836947951997}