{"alpha":0.1,"_runtime":211.933387242,"val_wf1":76.05264391822035,"_wandb":{"runtime":211},"mean_val_ua":0.7641337250712251,"train_loss":0.04971633859510933,"mean_test_wf1":0.7299607780710835,"val_ua":76.04389245014245,"mean_val_wf1":0.7636937051568965,"mean_test_uf1":0.7297289218871201,"mean_test_ua":0.7318242521367522,"val_loss":1.251852658059862,"_timestamp":1.7365682571435802e+09,"val_mf1":76.22755069648893,"mean_val_uf1":0.7663723465768055,"mean_val_wa":0.7709363197336471,"mean_test_wa":0.7378871126958231,"val_wa":76.51058600508263,"train_wa":98.7420183275163,"epoch":150,"learning_rate":2.43e-07,"train_ua":98.54910714285714,"train_wf1":98.55049694416172,"_step":750,"train_mf1":98.62426685636319}