{"_timestamp":1.7365748821425278e+09,"train_wf1":98.42607596083003,"mean_val_wa":0.7695863085453661,"train_wa":98.52866501314627,"val_loss":1.1636448701222737,"_step":750,"val_ua":75.88363603988604,"_wandb":{"runtime":214},"val_wf1":75.86593110724623,"epoch":150,"val_wa":76.7104995367897,"mean_test_uf1":0.7339584697350495,"mean_test_ua":0.7329193376068377,"mean_val_uf1":0.7642357384791632,"mean_test_wa":0.7406812339973415,"alpha":0.9,"train_mf1":98.37764067430511,"mean_val_ua":0.7630742521367522,"train_ua":98.4228896103896,"mean_val_wf1":0.7629337947083378,"val_mf1":76.0164746072451,"_runtime":214.005417569,"learning_rate":2.43e-07,"mean_test_wf1":0.7330040056665069,"train_loss":0.05346046132700784}