{"val_ua":0.7705078125,"val_mf1":77.4933016203866,"train_wf1":97.68554760952038,"val_loss":0.742000162601471,"train_wa":97.83609847184677,"train_ua":97.68025153609831,"learning_rate":1.0000000000000006e-10,"_timestamp":1.735196320600781e+09,"val_wf1":0.7704301756670672,"val_uf1":0.774933016203866,"_step":200,"epoch":200,"train_mf1":97.68850277687936,"_wandb":{"runtime":83},"train_loss":0.08330288673600843,"_runtime":83.600492,"val_wa":0.7789824672533987}