{"_runtime":37.0956853,"val_mf1":75.28303257266538,"_timestamp":1.7346040394038417e+09,"train_mf1":94.9467385115664,"val_loss":0.825841236114502,"val_wf1":74.94132456580537,"val_wa":75.91046421967079,"train_ua":94.8961038961039,"_step":99,"learning_rate":1.0000000000000002e-07,"epoch":100,"_wandb":{"runtime":37},"train_loss":0.15762704674686703,"val_ua":74.9599358974359,"train_wf1":94.92308640826361,"train_wa":95.47415454302815}