{"train_loss":0.051027704562459676,"mean_val_ua":0.7602519586894587,"train_wf1":98.56754033930842,"val_wf1":75.4183110191184,"mean_val_wf1":0.7596201564104241,"alpha":0.3,"_wandb":{"runtime":487},"_runtime":487.36059865,"val_wa":76.45283489543291,"mean_val_wa":0.766127213707897,"train_wa":98.60064017831142,"_timestamp":1.7358329506928883e+09,"mean_test_wf1":0.717268114153528,"mean_test_ua":0.7181267806267806,"val_mf1":75.8649686587138,"_step":750,"epoch":150,"mean_test_wa":0.7240731391869804,"mean_val_uf1":0.7625649428591662,"train_mf1":98.51819273465712,"learning_rate":2.43e-07,"val_loss":1.2736646599239774,"mean_test_uf1":0.7177670352178036,"val_ua":75.49189814814814,"train_ua":98.56412337662339}