{"mean_test_ua":0.7207398504273504,"_step":750,"train_loss":0.06423962164138045,"train_ua":97.97646103896102,"val_ua":75.9704415954416,"train_wa":98.12317383049212,"_timestamp":1.7365765289422264e+09,"val_loss":1.2215668095482721,"alpha":0.1,"val_mf1":76.13957518571482,"mean_val_ua":0.7555867165242166,"learning_rate":2.43e-07,"epoch":150,"mean_val_uf1":0.7569884954145906,"mean_test_uf1":0.7205975338270042,"mean_test_wf1":0.7197918195765246,"val_wa":76.66356942732295,"mean_val_wa":0.7634431090550406,"_runtime":201.825478473,"train_mf1":97.94853026469028,"_wandb":{"runtime":201},"train_wf1":97.97903081329919,"val_wf1":76.0689468617709,"mean_test_wa":0.7336377869815325,"mean_val_wf1":0.7559720488369732}