{"_step":199,"val_wf1":77.63886009754214,"train_ua":97.33644480519482,"train_mf1":97.31194390556624,"train_wa":97.56525203013425,"val_loss":0.7732428312301636,"_runtime":73.4622228,"_timestamp":1.7344267077166226e+09,"val_mf1":77.8908430589874,"train_loss":0.09835759007505009,"val_ua":77.6161858974359,"epoch":200,"val_wa":78.71934018838192,"train_wf1":97.34814668719191,"learning_rate":1.0000000000000006e-10,"_wandb":{"runtime":73}}