{"val_mf1":74.68348164641195,"train_loss":0.038042092828878334,"train_wf1":99.2216428648742,"_step":99,"train_ua":99.22279373706004,"epoch":100,"val_wa":75.78794548490615,"val_ua":74.64364035087719,"_runtime":33.02878724,"val_loss":0.9073185835565839,"val_wf1":74.56467735758822,"train_mf1":99.22643661974634,"_wandb":{"runtime":33},"learning_rate":2.7e-06,"train_wa":99.22919247784965,"_timestamp":1.7356681959057415e+09}