{"val_mf1":77.721695996066,"train_mf1":96.80809199527883,"_runtime":48.9271687,"val_wa":78.29813819119231,"_timestamp":1.7345127607461305e+09,"train_ua":96.80073051948052,"train_wa":97.0470244065666,"val_wf1":77.41861622704434,"epoch":100,"_wandb":{"runtime":48},"train_wf1":96.81601172155597,"train_loss":0.10454729231340544,"val_loss":0.770295774936676,"_step":99,"val_ua":77.34775641025641,"learning_rate":1.0000000000000002e-07}