{"train_wf1":97.4862834421191,"alpha":0.5,"train_mf1":97.47823449368079,"val_ua":76.28650284900284,"_runtime":157.189471799,"val_wf1":76.34753916228931,"mean_val_ua":0.7593438390313392,"train_wa":97.62561836038094,"_timestamp":1.7365926838547614e+09,"mean_test_wa":0.7360759406709105,"mean_test_ua":0.7300925925925925,"mean_val_uf1":0.7604031199485057,"mean_test_uf1":0.7300648973985404,"mean_val_wf1":0.7599774476316515,"epoch":150,"mean_test_wf1":0.7294332183676344,"train_loss":0.08285882260118212,"val_mf1":76.42588113104509,"_step":750,"train_ua":97.47808441558442,"learning_rate":2.43e-07,"mean_val_wa":0.7643290100589102,"_wandb":{"runtime":157},"val_wa":76.89120801368016,"val_loss":1.1197396980391607}