{"_wandb":{"runtime":214},"mean_test_uf1":0.7352172180518585,"train_wf1":98.61928360860904,"_timestamp":1.7365744447128518e+09,"train_ua":98.61607142857143,"mean_test_ua":0.7337873931623932,"train_wa":98.75157264946404,"_runtime":214.854195555,"val_wa":75.54434357611393,"epoch":150,"mean_test_wf1":0.7331945726303759,"mean_test_wa":0.7453481821385322,"val_wf1":75.10566506754311,"_step":750,"mean_val_wa":0.7653460919635794,"mean_val_wf1":0.7584417463250059,"mean_val_ua":0.7584357193732194,"alpha":0.5,"val_mf1":75.15056093806517,"val_loss":1.2507783770561218,"train_loss":0.04312060688223158,"learning_rate":2.43e-07,"mean_val_uf1":0.7602892522190391,"val_ua":75.07790242165242,"train_mf1":98.59148732797559}