{"_step":199,"learning_rate":1.0000000000000006e-10,"train_wa":96.6411903686883,"train_mf1":96.30542114303734,"val_mf1":76.86080079879375,"_runtime":71.9132254,"train_wf1":96.29672547128081,"train_ua":96.28003246753246,"val_loss":0.7264662384986877,"epoch":200,"val_wf1":76.62220482858913,"_wandb":{"runtime":71},"val_wa":77.90757336536126,"_timestamp":1.734505550698101e+09,"train_loss":0.1312640117747443,"val_ua":76.63461538461537}