{"val_wa":79.97465405598848,"val_ua":78.2411858974359,"epoch":200,"train_wa":97.6716808075702,"train_wf1":97.20067089091064,"_step":199,"learning_rate":1.0000000000000006e-10,"val_mf1":78.62661070263354,"train_ua":97.18141233766234,"train_loss":0.09326341961111341,"_runtime":97.6581634,"_timestamp":1.7345094486506143e+09,"val_wf1":78.25638733298825,"train_mf1":97.1653632720699,"val_loss":0.6552430391311646,"_wandb":{"runtime":97}}