{"_step":500,"mean_test_uf1":0.75806460951492,"val_wa":77.29782090961572,"epoch":100,"train_ua":98.67573051948054,"mean_test_ua":0.7566996082621082,"learning_rate":2.7e-06,"_wandb":{"runtime":241},"mean_val_wf1":0.7664542281001019,"train_mf1":98.7025670765685,"mean_val_wa":0.7749995772802876,"mean_val_ua":0.7666310541310541,"val_wf1":76.5243320083724,"val_loss":0.8283698095215691,"_runtime":241.165171961,"_timestamp":1.7357407859270773e+09,"val_ua":76.54691951566952,"train_wf1":98.67909289792092,"train_loss":0.04842320073928152,"mean_test_wa":0.7638488282269656,"val_mf1":76.81326499459786,"mean_val_uf1":0.7696102971660757,"mean_test_wf1":0.756299087687456,"train_wa":98.7713685830975,"alpha":0.1}