{"mean_test_wf1":0.737449474300649,"train_wa":98.47393181524767,"train_ua":98.46270161290323,"mean_test_ua":0.7381490384615386,"val_ua":77.73540296052632,"train_loss":0.061128941755140984,"mean_val_wa":0.7720913014811683,"mean_test_wa":0.7418722345026693,"mean_val_wf1":0.765271544695884,"alpha":0.9,"val_loss":0.7430390492081642,"train_wf1":98.46684130310001,"mean_val_ua":0.7651000548245614,"mean_val_uf1":0.7669848081140749,"_wandb":{"runtime":346},"mean_test_uf1":0.7408165390948569,"epoch":200,"_runtime":346.943191967,"_timestamp":1.7354513387456694e+09,"val_wa":78.09401996801935,"_step":1000,"train_mf1":98.42972892407398,"val_mf1":78.04897381801209,"val_wf1":77.77319574686928,"learning_rate":1.0000000000000006e-10}