{"_runtime":181.379888124,"train_loss":0.04070681666822306,"val_mf1":77.24343714598871,"_wandb":{"runtime":181},"train_mf1":98.91634499306457,"mean_val_uf1":0.7850697929685878,"alpha":0.5,"mean_val_wa":0.7970995251013705,"learning_rate":2.7e-06,"mean_test_wf1":0.7419479282135623,"val_wa":78.24666734488096,"mean_val_ua":0.779423076923077,"mean_test_wa":0.7415543553587032,"train_wa":98.96435899181158,"_step":500,"val_loss":0.8521468043327332,"mean_val_wf1":0.7795572833108576,"train_ua":98.90625,"val_ua":76.79086538461539,"epoch":100,"mean_test_ua":0.7419871794871795,"_timestamp":1.7354682273888614e+09,"mean_test_uf1":0.7445878781670163,"train_wf1":98.90518651157129,"val_wf1":76.823993894719}