{"val_ua":76.0536858974359,"val_loss":0.7840147256851197,"train_wa":97.77093323121372,"_runtime":35.6981749,"train_mf1":97.51752023256213,"train_loss":0.08625533751079015,"train_wf1":97.54675057380791,"val_mf1":75.97841928422986,"epoch":100,"learning_rate":1.0000000000000002e-07,"val_wf1":76.08713791052276,"_timestamp":1.7346033881509445e+09,"val_wa":76.31745911097302,"_wandb":{"runtime":35},"_step":99,"train_ua":97.53774350649351}