{"val_loss":0.765080139040947,"_step":1000,"val_mf1":76.33021538688236,"val_wa":76.5968643481957,"train_loss":0.0631771115285735,"mean_val_wa":0.7700095324193044,"epoch":200,"mean_val_wf1":0.7602671155681359,"train_ua":98.15968694437387,"val_wf1":75.9085052049187,"train_wa":98.31306915377033,"_runtime":300.633620647,"mean_test_uf1":0.7361477115108455,"train_wf1":98.16038688094622,"val_ua":75.87582236842105,"_timestamp":1.7354503172826853e+09,"mean_val_uf1":0.7625058819201517,"train_mf1":98.21031069356184,"mean_test_ua":0.7358733974358975,"alpha":0.3,"_wandb":{"runtime":300},"learning_rate":1.0000000000000006e-10,"mean_val_ua":0.7605317982456141,"mean_test_wa":0.73719683609901,"mean_test_wf1":0.7349854835034285}