{"_step":750,"_wandb":{"runtime":158},"val_mf1":75.09405833052837,"mean_test_wa":0.7486354509299843,"train_loss":0.18909808993339539,"val_wa":75.55596127774247,"train_ua":93.84699675324674,"_timestamp":1.7373445919307587e+09,"mean_val_wa":0.7593578045386421,"mean_test_ua":0.7446981837606839,"val_loss":0.8022967576980591,"mean_val_uf1":0.7535328473407061,"mean_val_ua":0.7529068732193733,"mean_val_wf1":0.7527813339734949,"train_wa":94.12349710964952,"alpha":0.5,"train_mf1":93.92280941650276,"val_ua":75.13354700854701,"epoch":150,"_runtime":158.197034073,"val_wf1":75.09719585008754,"mean_test_uf1":0.7455909025758072,"learning_rate":2.43e-07,"train_wf1":93.83930842580969,"mean_test_wf1":0.744876822433428}