{"val_wf1":77.31674851285092,"mean_test_ua":0.759846866096866,"mean_val_wa":0.7770727231886584,"mean_test_uf1":0.7602004877596544,"val_wa":77.92410712738392,"train_wf1":98.83226116046336,"mean_val_ua":0.7706864316239316,"learning_rate":2.7e-06,"_runtime":205.710485531,"train_loss":0.04304835700563022,"epoch":100,"mean_test_wa":0.7641623433641198,"_wandb":{"runtime":205},"_step":500,"alpha":0.1,"val_ua":77.32149216524216,"mean_val_wf1":0.7705698040818649,"train_mf1":98.85028084683351,"val_loss":0.8071737686793009,"val_mf1":77.58877176829819,"train_ua":98.83198051948052,"train_wa":98.96556705280571,"mean_val_uf1":0.7726968040430177,"mean_test_wf1":0.7597832953891943,"_timestamp":1.7357404581102738e+09}