{"mean_val_wa":0.7565426351821384,"learning_rate":2.43e-07,"val_mf1":75.44234745839269,"val_ua":74.97106481481481,"mean_test_wa":0.7223085989458697,"_timestamp":1.7365719868874383e+09,"mean_test_wf1":0.7162700521243017,"train_mf1":98.75224068475322,"val_loss":1.2111569841702778,"train_loss":0.0527155198689018,"train_wa":98.91872271115125,"mean_test_uf1":0.7148849317630955,"mean_val_ua":0.7504985754985756,"mean_test_ua":0.7177751068376068,"alpha":0.7,"val_wa":75.3289423527182,"_wandb":{"runtime":194},"mean_val_uf1":0.7544684190498459,"val_wf1":75.0186791858051,"train_wf1":98.76887997455351,"mean_val_wf1":0.7505202428252585,"epoch":150,"_step":750,"_runtime":194.078001903,"train_ua":98.76501623376625}