{"val_loss":1.2769177092446222,"mean_test_uf1":0.719225330891504,"_step":750,"val_ua":74.3389423076923,"val_wa":75.2186271037996,"mean_val_ua":0.7446714743589743,"alpha":0.9,"mean_val_wf1":0.7445566375425628,"learning_rate":2.43e-07,"mean_test_ua":0.7205306267806268,"val_wf1":74.32811235490368,"mean_val_uf1":0.749311528792112,"mean_test_wa":0.7301839860357002,"epoch":150,"train_ua":97.76055194805195,"mean_test_wf1":0.7195805846515106,"_timestamp":1.7365788248912427e+09,"mean_val_wa":0.7528028015297415,"train_loss":0.06282619168715818,"train_wa":97.98926543746873,"val_mf1":74.88437557673247,"train_wf1":97.77293595364614,"train_mf1":97.69373973027268,"_wandb":{"runtime":242},"_runtime":242.826392744}