{"epoch":100,"mean_val_wf1":0.7725546913924061,"val_mf1":76.0797196070773,"mean_val_wa":0.7894777236129281,"mean_val_uf1":0.7786649866285966,"train_wa":98.92460034847497,"learning_rate":2.7e-06,"mean_test_ua":0.7373477564102565,"mean_test_wf1":0.7379564134779845,"mean_val_ua":0.7725961538461539,"_step":500,"train_ua":98.86160714285714,"train_loss":0.03801237914179053,"_timestamp":1.7354678616403942e+09,"mean_test_wa":0.7389782668695711,"val_ua":75.65304487179488,"alpha":0.1,"train_wf1":98.86265943155699,"val_wa":77.2910880104223,"val_wf1":75.70667396069666,"_runtime":192.375487737,"train_mf1":98.85661008822889,"val_loss":0.7775909066200256,"_wandb":{"runtime":192},"mean_test_uf1":0.7420999240983923}