{"train_wa":97.00943449542261,"_wandb":{"runtime":34},"val_mf1":76.6547927419959,"train_mf1":96.73291063667573,"val_wa":77.69110590534271,"train_wf1":96.6449567587804,"_timestamp":1.7345124424131896e+09,"train_loss":0.10634631450687136,"_runtime":34.079432,"learning_rate":1.0000000000000002e-07,"train_ua":96.64448051948052,"val_loss":0.7268950462341308,"epoch":100,"val_wf1":76.63194845523073,"_step":99,"val_ua":76.47836538461539}