{"_timestamp":1.7345071911128862e+09,"epoch":100,"learning_rate":1.0000000000000002e-07,"train_loss":0.11063752663987024,"train_wf1":96.5863173661354,"train_wa":96.90852671224755,"_step":99,"val_ua":77.52804487179488,"_wandb":{"runtime":34},"_runtime":34.1040818,"val_wf1":77.7049239949999,"val_loss":0.6643994212150574,"train_ua":96.58522727272727,"val_mf1":77.19702222497816,"val_wa":79.05247440247045,"train_mf1":96.67945915804899}