{"_runtime":403.385695058,"_step":750,"val_mf1":75.87575365409012,"train_wf1":98.49464828389888,"mean_val_wf1":0.7522623961602107,"train_ua":98.48985389610388,"epoch":150,"_timestamp":1.7357509168894963e+09,"val_ua":75.93928062678063,"val_loss":1.1696390840742323,"val_wa":76.49465718056844,"alpha":0.7,"train_wa":98.59134768154996,"train_mf1":98.50629600137117,"mean_test_wf1":0.7228243549427841,"mean_test_wa":0.7338544137407984,"mean_test_ua":0.7235354344729344,"mean_test_uf1":0.723499563005969,"mean_val_ua":0.7527466168091168,"learning_rate":2.43e-07,"_wandb":{"runtime":403},"train_loss":0.04788405578583479,"val_wf1":75.89300341782237,"mean_val_wa":0.7601672239367411,"mean_val_uf1":0.7540605111682595}