{"mean_val_ua":0.7653623575498575,"val_mf1":77.8506273082859,"train_mf1":98.22273829891576,"val_wf1":77.41292913048699,"mean_val_uf1":0.7678591970787968,"train_ua":98.40827922077922,"train_wf1":98.45763586300808,"train_loss":0.05593255114342485,"train_wa":98.63346211558402,"alpha":0.5,"mean_test_wf1":0.7196192141364095,"mean_test_uf1":0.7207017738654387,"mean_test_wa":0.7320711976192869,"val_loss":1.1708967023425632,"mean_val_wa":0.7715828146343784,"mean_val_wf1":0.7647829594915521,"_timestamp":1.7365674179357383e+09,"_step":750,"val_ua":77.45726495726495,"val_wa":78.00080328908649,"learning_rate":2.43e-07,"_wandb":{"runtime":208},"epoch":150,"mean_test_ua":0.7213007478632478,"_runtime":208.937302582}