{"val_loss":0.7768201470375061,"train_wf1":97.12845475742998,"train_ua":97.11363636363637,"_timestamp":1.7345131950826302e+09,"learning_rate":1.0000000000000002e-07,"epoch":100,"_runtime":33.5636107,"val_wa":76.83809836335529,"val_mf1":75.62052006269388,"_wandb":{"runtime":33},"_step":99,"train_loss":0.09209842490298407,"val_wf1":75.42629218687729,"train_wa":97.32816972965622,"train_mf1":97.13584081513632,"val_ua":75.4286858974359}