{"train_wf1":98.01464777904816,"mean_test_uf1":0.7289893476962639,"mean_val_wf1":0.7634117638428535,"train_wa":98.23206796400369,"train_loss":0.06408893806593759,"mean_test_ua":0.7301148504273505,"train_ua":98.01379870129871,"val_wf1":75.92998667784389,"train_mf1":98.09378501321656,"_timestamp":1.7359162433559375e+09,"mean_val_uf1":0.7667887327617515,"val_ua":76.01940883190883,"val_loss":1.1930356555514865,"val_wa":76.93758533053717,"val_mf1":76.27436994916391,"mean_test_wa":0.7381602918092481,"_wandb":{"runtime":348},"mean_test_wf1":0.7290761346989832,"learning_rate":2.43e-07,"mean_val_wa":0.7709712893456079,"epoch":150,"alpha":0.1,"_step":750,"_runtime":348.566529338,"mean_val_ua":0.7640357905982905}