{"val_wa":76.42348199935113,"_runtime":180.626342586,"epoch":49,"val_wf1":75.64557781158422,"train_ua":97.22483766233768,"val_mf1":75.84734879910943,"train_loss":0.09228975751570292,"_timestamp":1.735740025352756e+09,"train_mf1":97.20070187596369,"learning_rate":1e-05,"_wandb":{"runtime":180},"val_loss":0.7693915367126465,"_step":348,"train_wa":97.34076642587111,"train_wf1":97.23256661979083,"val_ua":75.67886396011396}