{"val_ua":77.4599358974359,"_step":99,"_runtime":50.9241465,"train_mf1":96.9851236540876,"_timestamp":1.7345106493172636e+09,"train_wf1":97.01081468020872,"val_mf1":78.37740779488695,"_wandb":{"runtime":50},"train_ua":97.00162337662339,"epoch":100,"train_wa":97.2685361813108,"val_wf1":77.39042951891635,"learning_rate":1.0000000000000002e-07,"val_wa":79.48853212815828,"train_loss":0.09032685522522245,"val_loss":0.6813645243644715}