{"train_wf1":98.41208137326043,"_runtime":236.665523699,"mean_test_uf1":0.7609359592231663,"val_ua":77.06107549857549,"train_wa":98.54754191035175,"alpha":0.9,"mean_test_wa":0.7666962271861473,"mean_val_wa":0.7789865386679726,"mean_val_ua":0.7703659188034188,"mean_val_wf1":0.7703112393295113,"_wandb":{"runtime":236},"mean_test_wf1":0.7588725751875481,"mean_val_uf1":0.7741261675679771,"train_mf1":98.42104236156298,"train_ua":98.40787337662337,"val_mf1":77.32744719443457,"val_wa":77.7771637918861,"epoch":100,"_step":500,"_timestamp":1.7356620935609233e+09,"val_wf1":77.0730752452738,"val_loss":0.8495779633522034,"learning_rate":2.7e-06,"mean_test_ua":0.7589699074074073,"train_loss":0.05425940693489143}