{"train_loss":0.077929709707537,"alpha":0.1,"train_ua":97.73165640081281,"train_wf1":97.73251609149511,"mean_val_wa":0.7712722951927967,"train_wa":97.9228592286704,"mean_test_ua":0.7481490384615386,"_wandb":{"runtime":633},"mean_val_ua":0.7608655427631579,"val_wa":77.97943157593276,"mean_test_uf1":0.752701719016306,"val_loss":0.7324100136756897,"mean_val_uf1":0.7641369690553875,"_runtime":633.2903127,"epoch":200,"mean_test_wa":0.7529579554796946,"train_mf1":97.76165185598559,"mean_test_wf1":0.7477699420647721,"val_mf1":77.8527030132043,"_timestamp":1.735202954676042e+09,"learning_rate":1.0000000000000006e-10,"val_ua":77.21319901315789,"mean_val_wf1":0.7606803727650318,"val_wf1":77.22093878261327,"_step":1000}