{"_timestamp":1.7357417003135586e+09,"_runtime":58.324325498,"val_wf1":71.35056370081358,"train_loss":0.5730512525354113,"val_wa":72.1608767888167,"val_ua":71.51887464387464,"val_loss":0.7297392951117622,"val_mf1":71.41732989716766,"_wandb":{"runtime":58},"train_ua":78.63311688311688,"train_wf1":78.75475906603083,"learning_rate":0.0001,"_step":106,"epoch":7,"train_mf1":78.720486114884,"train_wa":79.12517579679992}