{"mean_test_ua":0.721176103988604,"train_mf1":98.6170664553765,"_step":750,"train_wa":98.66462863719997,"val_ua":75.72783119658119,"train_wf1":98.57862392685686,"val_loss":1.1679863532384236,"learning_rate":2.43e-07,"_runtime":204.064572061,"mean_val_wf1":0.7612142561960897,"alpha":0.7,"val_mf1":76.14286248772441,"_wandb":{"runtime":204},"mean_val_uf1":0.7642388441726055,"mean_val_ua":0.7618278133903134,"train_ua":98.5791396103896,"_timestamp":1.7365808349922256e+09,"val_wa":76.52852526985487,"train_loss":0.04555587300232478,"mean_test_wa":0.7309084416326499,"epoch":150,"mean_test_wf1":0.7174283411476008,"mean_test_uf1":0.7185305296875996,"val_wf1":75.56205611607206,"mean_val_wa":0.7663702512249884}