{"mean_val_ua":0.7721242877492878,"learning_rate":2.43e-07,"alpha":0.5,"_step":750,"_timestamp":1.7365923703811417e+09,"val_ua":76.77617521367522,"train_loss":0.08671415394970348,"mean_val_uf1":0.7741201688366763,"train_mf1":97.04191227689087,"mean_val_wa":0.7783685583453901,"val_wf1":76.83395381549622,"epoch":150,"_wandb":{"runtime":117},"val_mf1":77.0326171059605,"mean_val_wf1":0.7723688257678034,"val_loss":0.7915409538480971,"mean_test_wf1":0.7618835316842808,"mean_test_wa":0.7686491802490658,"train_ua":97.06858766233766,"train_wa":97.28632382557262,"mean_test_uf1":0.7627151670637072,"train_wf1":97.07904297574373,"_runtime":117.949023922,"val_wa":77.20801743980334,"mean_test_ua":0.7614004629629629}