{"train_wa":97.70499933054563,"val_ua":74.609375,"val_wa":75.66704444129539,"train_mf1":97.58049969067731,"_step":438,"_timestamp":1.7354486922060666e+09,"val_loss":0.8167483285069466,"_wandb":{"runtime":160},"_runtime":160.456930808,"val_mf1":74.91101109947837,"val_wf1":74.60623070940137,"epoch":39,"train_ua":97.57984511008705,"train_wf1":97.58404870485491,"train_loss":0.08351150395408753,"learning_rate":1e-05}