{"val_wa":78.08200668504773,"mean_test_ua":0.7349358974358974,"train_loss":0.06496558771018059,"mean_test_wf1":0.7344184335454624,"train_wa":98.43263655385263,"epoch":100,"learning_rate":1.0000000000000002e-07,"val_loss":0.7905220314860344,"_runtime":172.7289481,"mean_test_wa":0.7386890190368451,"_wandb":{"runtime":172},"val_wf1":77.74773717703506,"mean_test_uf1":0.7374822876567216,"val_mf1":78.09879651348605,"train_mf1":98.37762427416791,"_timestamp":1.7352846490429838e+09,"alpha":0.3,"train_wf1":98.36496669870598,"mean_val_wf1":0.7681310616092837,"mean_val_wa":0.7764211782507594,"mean_val_uf1":0.7700953213346893,"mean_val_ua":0.7680187774122806,"train_ua":98.36169672339345,"val_ua":77.69736842105263,"_step":500}