{"val_ua":66.82942708333334,"val_mf1":66.5480229395842,"_timestamp":1.735232707545591e+09,"train_mf1":66.38736810614915,"train_wf1":66.83298900420407,"train_wa":66.11941025132082,"epoch":5,"_wandb":{"runtime":58},"train_loss":0.9126538922709804,"val_loss":0.8809246644377708,"val_wf1":66.84129913565087,"_runtime":58.8610962,"learning_rate":0.0001,"train_ua":66.79027457757297,"_step":104,"val_wa":66.76103641305595}