{"train_wa":75.44784849972058,"val_wf1":71.01682899264661,"val_loss":0.7492793401082357,"train_wf1":74.19714954704666,"train_loss":0.7456925988197327,"_step":205,"val_wa":72.66929804821197,"val_ua":71.17165242165242,"_timestamp":1.7357439765283344e+09,"train_mf1":74.44346378478221,"val_mf1":71.25541854058788,"_runtime":103.277572122,"_wandb":{"runtime":103},"epoch":6,"train_ua":74.14569805194805,"learning_rate":0.0001}