{"train_mf1":97.14913080931112,"val_mf1":77.32043839821668,"_timestamp":1.7345138649886062e+09,"train_wf1":97.06234633205901,"val_wa":78.12042526966133,"_step":99,"val_loss":0.7916312098503113,"train_wa":97.34681945900897,"_wandb":{"runtime":36},"train_loss":0.09126731944935662,"val_ua":76.9911858974359,"epoch":100,"val_wf1":76.93964515441651,"learning_rate":1.0000000000000002e-07,"train_ua":97.06128246753246,"_runtime":36.8237087}