{"train_mf1":97.31013422154048,"_wandb":{"runtime":46},"train_ua":97.26948051948052,"val_wa":79.72540953213489,"train_wf1":97.27419925370043,"val_mf1":77.93036738426994,"_timestamp":1.7346183538793957e+09,"train_loss":0.08604407874601228,"val_ua":77.52804487179488,"val_wf1":77.61289776325626,"learning_rate":1.0000000000000002e-07,"train_wa":97.41859115119748,"_runtime":46.5092933,"_step":99,"epoch":100,"val_loss":0.6723727703094482}