{"learning_rate":1.0000000000000006e-10,"_timestamp":1.7344360020088732e+09,"train_wf1":96.6071499421328,"train_mf1":96.66028169310988,"_wandb":{"runtime":72},"train_ua":96.59983766233768,"val_wf1":76.58747806221373,"_step":199,"val_wa":78.40421920499554,"val_loss":0.6771012425422669,"train_loss":0.1070855445095471,"val_ua":76.6786858974359,"val_mf1":76.85465305310902,"_runtime":72.3038202,"epoch":200,"train_wa":96.90590335509522}