{"mean_test_ua":0.7116675569800569,"val_wf1":74.78374015707581,"val_loss":1.2045581804381476,"mean_test_uf1":0.7090929054800247,"val_wa":75.125433313152,"val_ua":74.82861467236467,"_timestamp":1.7358316206562235e+09,"train_ua":98.52678571428571,"learning_rate":2.43e-07,"val_mf1":75.11554060448418,"mean_val_wa":0.7607137747549928,"train_wa":98.67853541285115,"_step":750,"_wandb":{"runtime":416},"train_loss":0.05261074267327785,"mean_val_ua":0.7567085113960114,"alpha":0.9,"mean_val_wf1":0.7566840130044276,"mean_val_uf1":0.7594195134196171,"train_mf1":98.5487430845451,"mean_test_wa":0.7165239864002128,"train_wf1":98.52781363910196,"_runtime":416.538570074,"epoch":150,"mean_test_wf1":0.7086840505938653}