{"train_wa":97.57628203039312,"_wandb":{"runtime":37},"train_mf1":97.4174917004525,"_step":99,"val_wa":76.88212213562686,"train_wf1":97.38629227348922,"val_loss":0.7842779517173767,"epoch":100,"val_mf1":76.04304963544945,"_runtime":37.4342799,"_timestamp":1.734513824526495e+09,"train_loss":0.09008779972791672,"train_ua":97.38108766233768,"val_ua":75.3165064102564,"learning_rate":1.0000000000000002e-07,"val_wf1":75.28739122714813}