{"learning_rate":1.0000000000000006e-10,"val_loss":0.8380258440971374,"_timestamp":1.735022572588484e+09,"val_mf1":73.9339941984005,"epoch":200,"_step":199,"train_wf1":97.55911319828328,"_runtime":74.8607455,"train_ua":97.55275974025973,"_wandb":{"runtime":74},"train_loss":0.08716155695063728,"val_wa":74.5665026857349,"val_wf1":73.65966824995459,"train_mf1":97.55199658298862,"val_ua":73.73397435897436,"train_wa":97.779579174877}