{"val_wa":80.40601037254295,"val_mf1":79.04081350230625,"learning_rate":1.0000000000000002e-07,"train_loss":0.08901036083698273,"_wandb":{"runtime":34},"train_wf1":97.61292999524373,"train_wa":97.82735675155706,"val_ua":78.50961538461539,"_runtime":34.3654582,"_step":99,"train_ua":97.60430194805195,"epoch":100,"_timestamp":1.7345099523791535e+09,"val_loss":0.6472132921218872,"val_wf1":78.5469596007152,"train_mf1":97.64840684632733}