{"val_wf1":76.82525472696639,"train_loss":0.09693623845066343,"_step":99,"val_loss":0.7791959881782532,"train_ua":97.27719155844156,"train_mf1":97.29051751230728,"val_mf1":77.11253141684708,"learning_rate":1.0000000000000002e-07,"_timestamp":1.7345117647188618e+09,"_runtime":33.2667556,"_wandb":{"runtime":33},"train_wa":97.42420919822415,"epoch":100,"train_wf1":97.28145957088012,"val_wa":78.38405611099179,"val_ua":76.8349358974359}