{"_timestamp":1.736566663818357e+09,"val_wa":75.95517077030118,"train_loss":0.05481315526579108,"val_ua":75.72783119658119,"train_ua":98.38555194805195,"val_mf1":76.00156984899482,"train_wf1":98.38494369133193,"train_mf1":98.38480314606409,"_runtime":103.875067987,"val_wf1":75.80580848281623,"learning_rate":9e-06,"_wandb":{"runtime":104},"train_wa":98.51670162878591,"_step":380,"val_loss":1.2303078571955364,"epoch":81}