{"_timestamp":1.735206580818084e+09,"val_ua":78.81784539473684,"mean_val_wa":0.7749662100719866,"train_loss":0.06835775203522175,"mean_test_ua":0.7478365384615385,"learning_rate":1.0000000000000002e-07,"mean_val_uf1":0.7686897647576802,"_wandb":{"runtime":178},"_runtime":178.8025089,"mean_val_ua":0.7668037280701755,"mean_val_wf1":0.7669821767161349,"val_wa":79.19603094210456,"alpha":0.3,"train_ua":98.28569500889002,"epoch":100,"mean_test_wf1":0.7478732126797618,"val_loss":0.7331480905413628,"train_mf1":98.27063125383748,"mean_test_uf1":0.7529761789255789,"train_wf1":98.2896348575571,"train_wa":98.31042657100599,"mean_test_wa":0.7527783762783763,"val_wf1":78.85329561052792,"_step":500,"val_mf1":79.19194448859741}