{"train_wa":96.96621088854197,"epoch":100,"train_ua":96.74878246753245,"val_mf1":76.76372978905344,"_runtime":35.5842323,"val_wa":77.58071040731029,"_step":99,"_wandb":{"runtime":35},"val_loss":0.7955881237983704,"learning_rate":1.0000000000000002e-07,"train_wf1":96.75033879149504,"_timestamp":1.734603746971232e+09,"val_ua":76.47836538461539,"val_wf1":76.42281520783555,"train_mf1":96.78042178513441,"train_loss":0.10394685491919517}