{"_runtime":94.5329531,"learning_rate":1.0000000000000006e-10,"val_ua":79.31089743589743,"train_ua":96.47321428571428,"_wandb":{"runtime":94},"_timestamp":1.7345084373363874e+09,"_step":199,"val_loss":0.634274172782898,"val_wa":80.51660028550354,"train_wf1":96.48376786182314,"val_wf1":79.25909251282877,"train_mf1":96.46870793173485,"val_mf1":79.46414276808066,"train_loss":0.11316252063427652,"epoch":200,"train_wa":96.66590511198643}