{"val_mf1":81.22178231988147,"_timestamp":1.7345111031680384e+09,"learning_rate":1.0000000000000002e-07,"val_loss":0.6335066199302674,"train_loss":0.0852799362369946,"train_wf1":97.75717440936205,"train_ua":97.74553571428571,"val_wa":81.62398943348326,"val_ua":80.04807692307692,"epoch":100,"train_mf1":97.73808033593994,"_runtime":32.7765748,"train_wa":97.9400906583254,"_step":99,"_wandb":{"runtime":32},"val_wf1":80.04499315945537}