{"_runtime":98.1670106,"epoch":200,"val_mf1":78.76815081382861,"train_wf1":97.56442677452213,"val_wa":80.07000112044851,"val_ua":77.92868589743588,"train_mf1":97.60387724240123,"train_wa":97.84750198408312,"val_wf1":77.83049426873164,"_wandb":{"runtime":98},"train_loss":0.0857928641140461,"learning_rate":1.0000000000000006e-10,"_step":199,"train_ua":97.55965909090911,"val_loss":0.6735676527023315,"_timestamp":1.7351946210849183e+09}