{"mean_test_wf1":0.7384685947471524,"_runtime":175.4247744,"_timestamp":1.7352844731914766e+09,"mean_test_ua":0.7389022435897437,"mean_val_wf1":0.7655648427838377,"mean_test_wa":0.7407751562968953,"mean_test_uf1":0.7412609226585601,"mean_val_uf1":0.7681338074761659,"learning_rate":1.0000000000000002e-07,"val_wa":78.14381517668481,"train_mf1":98.12356494587587,"val_mf1":77.8722512177282,"val_ua":77.60793585526315,"train_loss":0.0700030033626864,"_step":500,"mean_val_wa":0.7749886071353742,"alpha":0.1,"epoch":100,"val_loss":0.751227930188179,"train_ua":98.08428054356109,"train_wa":98.1577203419184,"mean_val_ua":0.7658271655701754,"_wandb":{"runtime":175},"train_wf1":98.08481861692026,"val_wf1":77.54239174094424}