{"val_wf1":77.28980417346149,"val_ua":77.17147435897435,"_wandb":{"runtime":308},"epoch":100,"mean_test_wa":0.7435306637480551,"learning_rate":2.7e-06,"mean_test_uf1":0.7464157115445141,"train_loss":0.0372929433626788,"mean_val_ua":0.7717548076923076,"_timestamp":1.735459783277194e+09,"mean_val_uf1":0.7783108074230451,"train_mf1":98.94057930902112,"train_wa":98.95924527022632,"_step":500,"val_wa":78.66503305200125,"_runtime":308.592213629,"train_wf1":98.9230134514589,"mean_test_wf1":0.742344164243798,"mean_test_ua":0.7422115384615384,"val_loss":0.753169846534729,"mean_val_wf1":0.7720896005585278,"val_mf1":77.70820952110242,"train_ua":98.92126623376623,"mean_val_wa":0.7899587585545759,"alpha":0.1}