{"train_ua":97.02435064935065,"learning_rate":1.0000000000000002e-07,"val_ua":78.37339743589745,"train_wf1":97.03182280711428,"_wandb":{"runtime":36},"_timestamp":1.7345124048293235e+09,"val_mf1":79.35408277347742,"epoch":100,"train_mf1":97.12051697782555,"_runtime":36.4686953,"val_wf1":78.34743757375054,"train_loss":0.10251699058072908,"_step":99,"train_wa":97.30549830589081,"val_loss":0.7525107860565186,"val_wa":80.20432224889026}