{"alpha":0.9,"mean_val_wa":0.7758731065375033,"train_loss":0.08818510102648888,"mean_val_ua":0.7664048793859648,"train_wa":97.64742088290164,"mean_test_uf1":0.7375824557483044,"_timestamp":1.7352890491251986e+09,"val_wa":76.48884672752993,"mean_test_ua":0.7372115384615385,"val_mf1":76.12065760801121,"train_ua":97.45443865887732,"_runtime":197.8229556,"train_wf1":97.45711464999302,"mean_test_wa":0.7407110896023941,"mean_test_wf1":0.7354413055953254,"val_loss":0.7632423788309097,"train_mf1":97.4841541785616,"mean_val_wf1":0.7664004118670718,"val_ua":75.81208881578947,"epoch":100,"_step":500,"learning_rate":1.0000000000000002e-07,"val_wf1":75.75480556148251,"_wandb":{"runtime":197},"mean_val_uf1":0.7689826028380999}