{"train_ua":93.63149350649351,"train_mf1":93.70855583190966,"train_loss":0.18369073420763016,"_step":99,"val_mf1":76.78459213632023,"train_wa":94.07254273565351,"learning_rate":1.0000000000000002e-07,"_timestamp":1.7345991026280103e+09,"epoch":100,"val_ua":76.79086538461539,"val_wa":77.98678816575875,"val_wf1":76.8787226217864,"train_wf1":93.64965412233728,"val_loss":0.629030829668045,"_wandb":{"runtime":49},"_runtime":49.7362272}