{"val_wa":77.15814615695929,"_step":500,"train_mf1":98.32169134739145,"epoch":100,"val_mf1":76.60648648580707,"val_wf1":76.44370962939006,"mean_val_ua":0.7693108974358974,"val_ua":76.42895299145299,"mean_val_uf1":0.7723195808459719,"train_loss":0.05020569483084338,"mean_test_uf1":0.7598108125999621,"train_wa":98.43954798547492,"train_ua":98.31128246753245,"train_wf1":98.31759852063348,"_wandb":{"runtime":201},"mean_test_ua":0.7586850071225071,"mean_val_wf1":0.769336306206755,"alpha":0.7,"learning_rate":2.7e-06,"mean_test_wa":0.7628942516351623,"_timestamp":1.7354719074227436e+09,"_runtime":201.076716388,"mean_test_wf1":0.7590512881108873,"val_loss":0.8348487416903178,"mean_val_wa":0.7770037081328559}