{"_wandb":{"runtime":55},"val_mf1":75.50012267059209,"train_wa":91.75906750461226,"val_wf1":75.04660837913133,"train_ua":91.26582792207792,"_timestamp":1.7357432411387894e+09,"train_loss":0.24541923872062138,"_runtime":55.238632418,"val_ua":75.41176994301995,"train_wf1":91.28384250018942,"_step":126,"epoch":27,"val_loss":0.8178146017922295,"train_mf1":91.25877731878988,"val_wa":76.88891894094039,"learning_rate":0.0001}