{"val_wf1":77.5199915932335,"_timestamp":1.7356614186772084e+09,"mean_test_wa":0.7683445801716209,"train_mf1":98.72233642905131,"mean_val_uf1":0.7725343743789277,"mean_test_uf1":0.761278594059761,"_step":500,"val_ua":77.55074786324786,"mean_test_ua":0.7601095085470085,"val_wa":78.59059852965511,"mean_test_wf1":0.7595020591318401,"_wandb":{"runtime":202},"alpha":0.3,"mean_val_wa":0.7784378718631748,"train_wf1":98.6843487566112,"train_ua":98.68303571428572,"val_loss":0.7883908285035027,"val_mf1":77.8488048492994,"learning_rate":2.7e-06,"train_loss":0.049129059963992666,"mean_val_ua":0.7690616096866096,"_runtime":202.449830071,"epoch":100,"mean_val_wf1":0.7687923989529877,"train_wa":98.8455660809387}