{"train_ua":97.65525781051562,"_wandb":{"runtime":195},"mean_val_wf1":0.7632915459871948,"mean_test_ua":0.7470272435897436,"epoch":100,"_step":500,"train_wf1":97.65955257698108,"train_loss":0.0806487412942994,"train_mf1":97.657958313403,"mean_test_uf1":0.7476089106581563,"_runtime":195.1235698,"mean_test_wa":0.7496483998766607,"learning_rate":1.0000000000000002e-07,"val_ua":75.38754111842105,"mean_val_wa":0.7731282377091748,"mean_val_uf1":0.7660876328001641,"alpha":0.3,"mean_test_wf1":0.746204578737718,"train_wa":97.74101285075068,"mean_val_ua":0.7633881578947368,"val_mf1":75.66530562220409,"val_loss":0.7947422191500664,"val_wf1":75.36833221922095,"val_wa":75.86767492243308,"_timestamp":1.7352884358594837e+09}