{"train_loss":0.9884043404034206,"train_wf1":64.60233799074838,"learning_rate":0.0001,"val_ua":67.12962962962963,"_runtime":3.692456295,"epoch":3,"_wandb":{"runtime":4},"_timestamp":1.7357435815346663e+09,"_step":2,"val_mf1":67.10432551963515,"train_mf1":64.84767494811186,"train_ua":64.62297077922078,"val_wa":68.47069858871035,"val_loss":0.837187323305342,"train_wa":66.58463212322167,"val_wf1":67.0374608777488}