{"train_ua":98.75,"train_wf1":98.75449241472111,"mean_val_uf1":0.7823219361096623,"mean_test_uf1":0.7440933163143173,"mean_test_wf1":0.7418361944536116,"_step":500,"val_wa":78.64630957024306,"_runtime":178.712682851,"val_loss":0.7620163679122924,"train_mf1":98.81447509297708,"alpha":0.3,"_wandb":{"runtime":178},"val_ua":76.74679487179488,"_timestamp":1.7354692312287893e+09,"learning_rate":2.7e-06,"mean_test_ua":0.7410096153846155,"train_wa":98.92610353152918,"epoch":100,"val_wf1":76.70528386675602,"train_loss":0.04889320241553443,"mean_val_ua":0.7776842948717949,"val_mf1":77.68065973151178,"mean_val_wf1":0.7779110795686532,"mean_val_wa":0.7941116150304978,"mean_test_wa":0.7401567983198418}