{"val_ua":77.88461538461539,"_timestamp":1.7349691544816978e+09,"val_loss":0.6636969089508057,"train_ua":96.96428571428571,"train_wa":97.17175875378223,"_wandb":{"runtime":64},"val_mf1":77.33807052397567,"learning_rate":1.0000000000000002e-07,"val_wf1":78.14133642009674,"_step":99,"train_wf1":96.96404371197669,"train_mf1":97.03020991562597,"train_loss":0.10462476196033614,"epoch":100,"_runtime":64.3321435,"val_wa":79.04994606049559}