{"alpha":0.9,"mean_test_wa":0.736014934643291,"val_wa":77.43827317908858,"val_wf1":76.6238941211799,"train_ua":98.52678571428571,"_step":750,"_runtime":508.969639218,"mean_val_uf1":0.7646342656919842,"train_loss":0.048227119259536266,"mean_val_wa":0.7683938677218459,"epoch":150,"_timestamp":1.7358344085133429e+09,"val_loss":1.2398086786270142,"train_mf1":98.56634438142099,"train_wa":98.69942319514995,"mean_test_uf1":0.7284371689799778,"mean_val_wf1":0.7626533946273679,"val_ua":76.6826923076923,"val_mf1":76.91776933753363,"_wandb":{"runtime":508},"mean_test_ua":0.7291978276353277,"train_wf1":98.52701477106524,"mean_val_ua":0.7628961894586894,"learning_rate":2.43e-07,"mean_test_wf1":0.7285853635626365}