{"val_mf1":75.39700722779172,"mean_val_wf1":0.7507702343827107,"epoch":150,"train_wa":98.54345969950727,"mean_test_wf1":0.7166719329083902,"val_wa":75.3776480552693,"train_mf1":98.40975460579119,"mean_test_wa":0.7323945526947064,"mean_test_uf1":0.7179988805094116,"mean_val_wa":0.7560317930084903,"val_ua":74.8108084045584,"val_wf1":74.81845015915998,"_timestamp":1.7365783332600877e+09,"train_ua":98.43019480519482,"mean_val_ua":0.7508725071225071,"mean_test_ua":0.7187945156695157,"mean_val_uf1":0.7548150898542382,"train_wf1":98.4315723107628,"_wandb":{"runtime":230},"learning_rate":2.43e-07,"train_loss":0.053752795234322547,"_runtime":230.229598081,"val_loss":1.2860306633843317,"_step":750,"alpha":0.5}