{"mean_val_wa":0.7956428400743587,"val_mf1":79.13558098720983,"val_loss":0.7794327974319458,"mean_test_wf1":0.7385787923865579,"mean_test_ua":0.7379246794871795,"_wandb":{"runtime":180},"mean_val_ua":0.7795592948717948,"mean_val_uf1":0.7843525737229184,"mean_test_uf1":0.7416077321015012,"train_mf1":98.85070604378127,"alpha":0.9,"_runtime":180.981549612,"val_ua":78.5536858974359,"_step":500,"learning_rate":2.7e-06,"mean_val_wf1":0.7795526401305584,"_timestamp":1.735468599019031e+09,"epoch":100,"val_wf1":78.53063415706849,"train_wf1":98.90905712158069,"train_ua":98.90625,"train_loss":0.03768863499696765,"val_wa":80.3520816900639,"mean_test_wa":0.7381486627030106,"train_wa":98.96137096056098}