{"val_ua":78.3974358974359,"train_loss":0.18721093024526322,"_wandb":{"runtime":68},"train_mf1":93.6420804497442,"_step":199,"train_wa":94.12752284895217,"learning_rate":1.0000000000000006e-10,"val_loss":0.6088919520378113,"train_wf1":93.56812640568884,"_runtime":68.6783667,"_timestamp":1.7344263816114476e+09,"val_wa":79.31347098135338,"train_ua":93.5653409090909,"val_mf1":78.02666874233265,"epoch":200,"val_wf1":78.62482981979352}