{"epoch":200,"_wandb":{"runtime":70},"train_ua":90.1351461038961,"train_wa":90.6565917627301,"val_mf1":76.21561882050338,"val_wf1":76.54078133637476,"learning_rate":1.594323e-11,"_timestamp":1.7344192559958496e+09,"_step":199,"train_loss":0.29968292968613763,"train_mf1":90.18357109934836,"val_loss":0.609434974193573,"val_wa":77.66272755833835,"val_ua":76.50240384615385,"_runtime":70.2004901,"train_wf1":90.20430423847976}