{"train_mf1":98.39777825515228,"_timestamp":1.7354700590526803e+09,"val_loss":0.8661735534667969,"mean_test_ua":0.7430128205128206,"val_wf1":75.15642984256688,"_runtime":192.832486333,"val_wa":75.65069792787182,"mean_val_wa":0.7595451229799055,"mean_test_wf1":0.7422007197408764,"train_loss":0.050494241647613354,"mean_val_ua":0.7534615384615384,"train_wf1":98.37247996814179,"val_mf1":75.67046284466912,"mean_val_uf1":0.759539612230741,"learning_rate":2.7e-06,"alpha":0.1,"train_ua":98.37015821058375,"val_ua":75.09615384615384,"mean_test_uf1":0.7449807372160355,"epoch":100,"_step":500,"train_wa":98.51119770636816,"mean_test_wa":0.7456444407531364,"_wandb":{"runtime":192},"mean_val_wf1":0.753917959008411}