{"_timestamp":1.734510806205849e+09,"val_wf1":77.56380183890272,"val_wa":79.2651761387187,"val_loss":0.6566316246986389,"train_wf1":97.56714914923427,"_wandb":{"runtime":49},"val_mf1":77.86260342382607,"epoch":100,"train_ua":97.5523538961039,"_step":99,"_runtime":49.1960219,"train_wa":97.82574565539666,"train_mf1":97.6230103362103,"learning_rate":1.0000000000000002e-07,"val_ua":77.6161858974359,"train_loss":0.08480049233351435}