{"val_ua":76.68936965811966,"learning_rate":2.7e-06,"alpha":0.5,"epoch":100,"mean_val_ua":0.7689636752136751,"_wandb":{"runtime":214},"_timestamp":1.73566016749442e+09,"mean_test_wf1":0.7545226346913433,"mean_val_uf1":0.7709431483032476,"_step":500,"train_wf1":98.187389837865,"mean_val_wa":0.7742338342636422,"train_loss":0.06209989983056273,"train_mf1":98.23003246597214,"mean_test_ua":0.7541711182336182,"mean_test_wa":0.759426448026719,"val_mf1":76.6678668775381,"train_wa":98.34205378502791,"mean_val_wf1":0.7694261306922785,"val_wf1":76.71238653176812,"mean_test_uf1":0.755083478553923,"val_loss":0.8165202604399787,"val_wa":77.06823205956042,"_runtime":214.238006086,"train_ua":98.1846590909091}