{"val_wf1":74.78250486196546,"mean_test_wf1":0.7241025971112063,"train_loss":0.07596331329217978,"mean_val_uf1":0.7571892913872851,"_wandb":{"runtime":299},"_timestamp":1.7357428773019652e+09,"val_mf1":74.98903245674738,"val_wa":74.90963381755155,"mean_test_uf1":0.7268778929203964,"mean_test_ua":0.7248352920227921,"mean_val_wa":0.759748675219314,"_step":500,"learning_rate":2.7e-06,"mean_val_ua":0.75625,"mean_test_wa":0.7357351010321528,"mean_val_wf1":0.756380565831,"train_mf1":97.79198877344916,"val_loss":1.111277461051941,"epoch":100,"val_ua":74.72400284900284,"_runtime":299.091689561,"train_ua":97.75324675324674,"alpha":0.1,"train_wa":97.92256447320817,"train_wf1":97.75592254210615}