{"_timestamp":1.7351948457839913e+09,"learning_rate":1.0000000000000006e-10,"train_loss":0.07951883471437864,"val_loss":0.6237276792526245,"_wandb":{"runtime":91},"val_wa":80.45230603196167,"_runtime":91.2987739,"val_wf1":78.4530098380764,"train_wf1":97.92653821449052,"train_ua":97.92410714285714,"epoch":200,"_step":199,"val_mf1":78.73531208089342,"val_ua":78.42147435897436,"train_wa":97.98648521235708,"train_mf1":97.93795734064673}