{"train_wa":97.84822703696098,"val_ua":77.19150641025641,"train_wf1":97.63671812775439,"val_mf1":77.37567933559417,"val_loss":0.7632572412490845,"train_loss":0.08829895779490471,"learning_rate":1.0000000000000006e-10,"_runtime":78.8993314,"val_wa":78.4227459936306,"epoch":200,"train_mf1":97.60354432143495,"_timestamp":1.7344346800706735e+09,"train_ua":97.63392857142857,"_wandb":{"runtime":78},"_step":199,"val_wf1":77.17410620583792}