{"train_wf1":98.04302760473898,"train_mf1":98.00118337677918,"val_loss":1.1920723915100098,"mean_test_uf1":0.7284253574113826,"val_mf1":75.5497103137986,"alpha":0.3,"train_ua":98.03571428571428,"val_wf1":75.54135522339624,"mean_test_wa":0.7359539835562271,"mean_val_ua":0.7626914173789174,"mean_val_wa":0.7689871564515964,"mean_val_wf1":0.7634368289768898,"train_wa":98.15040256023627,"_wandb":{"runtime":201},"_timestamp":1.736576733839804e+09,"val_wa":76.33095941226024,"learning_rate":2.43e-07,"mean_test_wf1":0.7278030767707685,"mean_test_ua":0.7282095797720798,"epoch":150,"val_ua":75.48076923076923,"train_loss":0.06232062854937145,"_step":750,"mean_val_uf1":0.7642785353282371,"_runtime":201.338528132}