{"_wandb":{"runtime":148},"_timestamp":1.7354594255114653e+09,"val_wa":80.46877738955146,"learning_rate":0.0001,"train_wf1":92.32144594821365,"train_mf1":92.33413443998079,"train_wa":92.66008356907783,"epoch":20,"val_loss":0.5896196365356445,"_runtime":148.697691229,"val_mf1":78.71879761842722,"train_loss":0.23270935118198394,"_step":219,"val_ua":78.62179487179488,"val_wf1":78.67684765840217,"train_ua":92.30681818181817}