{"train_wf1":94.66351437573185,"_wandb":{"runtime":20},"val_mf1":76.14116005680404,"_timestamp":1.7357493071302774e+09,"train_mf1":94.79611999488084,"learning_rate":3e-05,"epoch":32,"train_wa":95.03481950477597,"val_loss":0.930209047264523,"train_ua":94.65056818181817,"val_ua":75.92592592592592,"val_wf1":75.91521930946334,"_step":31,"train_loss":0.15982174915926797,"val_wa":76.70561058913367,"_runtime":20.274379314}