{"train_wa":98.6751243582762,"learning_rate":9e-06,"train_ua":98.52678571428571,"_timestamp":1.73574246543154e+09,"val_loss":0.8084527254104614,"val_wf1":75.95234284432388,"_wandb":{"runtime":114},"val_wa":76.85680948907259,"val_ua":75.99492521367522,"train_mf1":98.50122112400925,"epoch":79,"train_wf1":98.53202069561785,"_runtime":113.765497182,"train_loss":0.053298650948064664,"_step":278,"val_mf1":76.1464159915449}