{"epoch":39,"learning_rate":1e-05,"val_wf1":75.53245421089045,"train_wa":97.83268424139948,"train_loss":0.08159220735392263,"val_mf1":75.3415629497674,"_step":38,"_runtime":12.154429605,"_timestamp":1.7354485195366988e+09,"train_wf1":97.7372013047366,"val_wa":76.23268334598097,"val_loss":0.7727147787809372,"train_ua":97.7310547875064,"_wandb":{"runtime":12},"train_mf1":97.77898315971983,"val_ua":75.45572916666666}