{"_step":199,"train_ua":97.78287337662339,"val_wf1":74.5311610785712,"val_wa":75.73017026815248,"_runtime":75.860068,"val_ua":74.35897435897436,"train_loss":0.08026598266192846,"train_wf1":97.78579776114816,"learning_rate":1.0000000000000006e-10,"epoch":200,"_timestamp":1.7344272646306653e+09,"_wandb":{"runtime":75},"val_mf1":74.50569271353255,"val_loss":0.789064633846283,"train_wa":98.01762347479635,"train_mf1":97.8007836983594}