{"train_wa":97.16617372379773,"val_wf1":74.79221999393798,"_wandb":{"runtime":12},"train_ua":96.8998015873016,"epoch":31,"learning_rate":1e-05,"_timestamp":1.7352069720949466e+09,"val_loss":0.7844256013631821,"train_wf1":96.90299936353952,"train_mf1":97.003751925608,"val_mf1":74.78941492109914,"val_wa":75.75392649301617,"train_loss":0.1027804114405186,"_runtime":11.9553795,"val_ua":74.67447916666666,"_step":30}