{"mean_val_ua":0.7668469024122807,"train_mf1":97.97130854033526,"train_wa":98.10138923272983,"epoch":100,"mean_test_uf1":0.7484429001793246,"train_ua":97.98307721615444,"val_ua":76.10505756578947,"val_wa":76.71515199127232,"val_loss":0.780255563557148,"mean_val_wa":0.7769606952910724,"val_mf1":76.44309946022405,"_timestamp":1.735288236882217e+09,"_wandb":{"runtime":197},"_step":500,"mean_val_wf1":0.7667360824488634,"train_loss":0.07788001072983589,"train_wf1":97.98874335792316,"mean_test_ua":0.7478766025641026,"mean_test_wa":0.7519513724296333,"mean_test_wf1":0.746208467383961,"mean_val_uf1":0.7700954398404376,"val_wf1":76.07794776570543,"alpha":0.1,"learning_rate":1.0000000000000002e-07,"_runtime":197.1543214}