{"train_wa":97.08515917587222,"val_mf1":78.04827965580074,"_timestamp":1.734508007543995e+09,"epoch":75,"train_loss":0.10301145517400333,"val_loss":0.6479297995567321,"learning_rate":1.0000000000000002e-06,"val_wf1":78.40692619387252,"train_wf1":96.83175086464377,"val_ua":78.19711538461537,"train_ua":96.82305194805195,"_wandb":{"runtime":39},"val_wa":79.67624018432222,"_step":74,"train_mf1":96.90209725112855,"_runtime":39.0468748}