{"val_wa":76.42926752138793,"val_wf1":75.5818611018036,"learning_rate":2.43e-07,"mean_val_wf1":0.7588843836604993,"alpha":0.5,"epoch":150,"mean_test_wf1":0.7300625887732777,"train_loss":0.05152502389890807,"val_loss":1.2417001393106248,"val_mf1":75.70892408334247,"_step":750,"train_mf1":98.51291088649958,"train_wf1":98.51429268064724,"_wandb":{"runtime":427},"train_ua":98.51217532467533,"mean_val_ua":0.7593126780626781,"mean_val_wa":0.7661806007630819,"mean_val_uf1":0.7613143893103391,"mean_test_wa":0.7360309933258425,"val_ua":75.58538105413105,"_runtime":427.667789043,"mean_test_uf1":0.7299502663595968,"mean_test_ua":0.7307736823361822,"_timestamp":1.7358307887246563e+09,"train_wa":98.68287325083779}