{"val_wf1":75.71725096706656,"alpha":0.3,"mean_test_wf1":0.7264222113241893,"val_loss":1.2015512784322102,"_step":750,"_wandb":{"runtime":207},"mean_test_uf1":0.7264788644062742,"mean_val_wa":0.7628223804380667,"val_wa":76.44157262473324,"mean_val_wf1":0.7582568820035931,"mean_val_ua":0.7582220441595442,"_runtime":207.373710817,"train_wf1":98.4141660877547,"train_mf1":98.42809811955377,"mean_test_ua":0.7281205484330484,"learning_rate":2.43e-07,"train_wa":98.62065173689277,"val_ua":75.69667022792022,"train_ua":98.4155844155844,"mean_val_uf1":0.7612801122623521,"train_loss":0.05155673511326313,"_timestamp":1.7365672042415059e+09,"val_mf1":76.12068236548312,"mean_test_wa":0.73459193047783,"epoch":150}