{"learning_rate":2.43e-07,"epoch":150,"val_ua":76.48459757834758,"train_wf1":98.1356116114911,"_timestamp":1.7358241935133073e+09,"mean_val_wa":0.7657440693408635,"train_wa":98.30327533588216,"val_mf1":76.61400742779072,"mean_val_ua":0.7599626068376069,"train_mf1":98.09412431207855,"train_loss":0.06030613088182041,"val_wf1":76.53126365472032,"_wandb":{"runtime":386},"train_ua":98.13271103896103,"mean_test_wa":0.728049992330521,"mean_val_uf1":0.7612984182779552,"val_wa":77.00032564612644,"mean_val_wf1":0.7605995548667013,"_runtime":386.229605078,"mean_test_ua":0.7228009259259259,"_step":750,"mean_test_wf1":0.7226263162823108,"alpha":0.3,"val_loss":1.1018746296564739,"mean_test_uf1":0.7232895999063127}