{"mean_val_wf1":0.756070822098471,"val_loss":1.2081782155566745,"mean_val_ua":0.7559339387464388,"mean_test_ua":0.7287393162393163,"_step":750,"epoch":150,"val_mf1":76.2395892509522,"mean_val_wa":0.7631916165387992,"mean_test_uf1":0.7293942800541741,"train_loss":0.04313481343644006,"mean_test_wa":0.7390204549951422,"learning_rate":2.43e-07,"_runtime":372.352191719,"val_wa":76.82093749270449,"train_wf1":98.77907087365817,"mean_val_uf1":0.7573616317489125,"alpha":0.5,"mean_test_wf1":0.7280712991763607,"val_wf1":76.01852884622942,"train_wa":98.92144270616849,"_wandb":{"runtime":372},"val_ua":76.01273148148148,"train_mf1":98.80582334295079,"train_ua":98.78003246753246,"_timestamp":1.735750509315754e+09}