{"_runtime":95.5510559,"_wandb":{"runtime":95},"val_ua":79.37900641025641,"train_wf1":96.88810754602768,"val_mf1":79.01972658889014,"train_wa":97.06233434272595,"val_loss":0.6299256324768067,"train_loss":0.10347683706453868,"train_ua":96.875,"train_mf1":96.84330995762502,"val_wa":80.24526195150112,"_step":199,"learning_rate":1.0000000000000006e-10,"_timestamp":1.7345083391014717e+09,"val_wf1":79.49558258368504,"epoch":200}