{"_timestamp":1.7351983303699894e+09,"learning_rate":1.0000000000000002e-07,"val_wf1":76.86639206713308,"val_mf1":77.28418761658914,"mean_test_ua":0.7510897435897436,"_wandb":{"runtime":209},"mean_test_uf1":0.7565199597753611,"mean_wa":0.7726418695564048,"val_ua":76.88630756578947,"alpha":0.1,"train_ua":97.68026098552197,"train_wa":97.92940777458018,"mean_ua":0.7635999177631578,"val_loss":0.7267086282372475,"mean_test_wa":0.7563489763272372,"train_wf1":97.6902597880794,"train_loss":0.0803941121745494,"mean_wf1":0.7633835316465745,"val_wa":77.71950974957724,"_step":501,"mean_test_wf1":0.7514736028546335,"train_mf1":97.659824326304,"mean_uf1":0.7657607080883084,"_runtime":209.4593513,"epoch":100}