Alpha,WA,UA,WF1,UF1
0.1,0.7558829241981415,0.7552083333333333,0.7561876721755321,0.7585698460039009
0.3,0.7425486111355676,0.7384615384615385,0.7373908932353407,0.7388004866586408
0.5,0.7662005389179302,0.7612179487179487,0.7603688727554803,0.7647859912278572
0.7,0.7361448009817575,0.7342147435897436,0.7350151428687665,0.7374579423269532
0.9,0.7359852590287372,0.7447115384615385,0.7442116487951166,0.7439559378838639
