Alpha,WA,UA,WF1,UF1
0.1,0.7626557021122238,0.7576522435897436,0.7573942643644749,0.7608469947264253
0.3,0.75163659783225,0.7482772435897436,0.7486109051348648,0.7514544266828564
0.5,0.7372475587149501,0.7328926282051282,0.7308188309383746,0.7344041148686331
0.7,0.7179786702069311,0.7290865384615385,0.7284087979366269,0.7259657140752241
0.9,0.72666860607078,0.7326522435897436,0.7323401322928363,0.7330373565237067
