Alpha,WA,UA,WF1,UF1
0.1,0.736077054718359,0.7313301282051282,0.7317438905499101,0.7379906958853308
0.3,0.7207809076287337,0.7223958333333333,0.7228633221415366,0.7251306500302889
0.5,0.7359381115359376,0.7353365384615385,0.7352796973105056,0.7395918289406944
0.7,0.7424270539487929,0.7411458333333333,0.7422987230167919,0.7469402181804959
0.9,0.714000981229242,0.717948717948718,0.7189831572499932,0.7199459446738681
