Alpha,WA,UA,WF1,UF1
0.1,0.7435959721829286,0.7415865384615385,0.7403539071564147,0.7408924458613588
0.3,0.7681038296799166,0.7639022435897436,0.7632634429729455,0.763407746588401
0.5,0.7325558519036781,0.7317708333333333,0.7316079519131338,0.7341630264014525
0.7,0.7519653425631686,0.7549679487179487,0.7538040513572699,0.7538402400512139
0.9,0.7460496553974814,0.7498397435897436,0.7499210830241242,0.7501951296529725
