Alpha,WA,UA,WF1,UF1
0.1,0.7523032775750168,0.7447115384615385,0.7427098108845407,0.7425985074067455
0.3,0.7553123397688614,0.7447115384615385,0.7445776000375626,0.7467348477704551
0.5,0.730486671084497,0.7328926282051282,0.7314039055218384,0.7316865410051667
0.7,0.7503490896425677,0.7518429487179488,0.7503540892383724,0.7506423780580823
0.9,0.7447133149850541,0.7431490384615385,0.7430103252174234,0.7453354384269163
