Alpha,WA,UA,WF1,UF1
0.1,0.7718638679508245,0.7690304487179487,0.7680263313726469,0.7687406261870056
0.3,0.7366567252436818,0.7328926282051282,0.7325549693301499,0.7362498537644873
0.5,0.742181479083653,0.7415865384615385,0.7402064583091528,0.739926435941587
0.7,0.7486807605829344,0.7328926282051282,0.7305648097508806,0.7355033956915464
0.9,0.7310403169098821,0.7384615384615385,0.7390161698532246,0.7392556037738804
