{"train_wf1":98.38729574108415,"train_ua":98.38555194805195,"val_wa":77.07967916235363,"val_loss":0.8584362400902642,"train_loss":0.0518550129873412,"train_mf1":98.42081523577605,"_timestamp":1.7357398355274782e+09,"val_mf1":76.58982416818279,"train_wa":98.50657835457073,"learning_rate":9e-06,"epoch":79,"val_wf1":76.30926420569811,"val_ua":76.26201923076923,"_runtime":91.722067566,"_wandb":{"runtime":91},"_step":178}