{"_step":99,"_wandb":{"runtime":32},"val_loss":0.6512948989868164,"val_wa":81.68255100628559,"train_wa":97.60745021768655,"val_mf1":80.34678986096223,"val_ua":79.8036858974359,"learning_rate":1.0000000000000002e-07,"val_wf1":79.76103646740815,"train_loss":0.0855407640337944,"epoch":100,"train_ua":97.46306818181819,"train_mf1":97.49738289174024,"_timestamp":1.734511139189286e+09,"train_wf1":97.46735648711555,"_runtime":32.6777874}