{"mean_test_wf1":0.7377885029908499,"train_ua":98.31089662179325,"train_loss":0.06805088971891711,"mean_test_uf1":0.7409959679506255,"_wandb":{"runtime":180},"mean_val_wf1":0.7590631091984554,"val_ua":77.1875,"_runtime":180.6316874,"_timestamp":1.7352069569116092e+09,"val_wa":77.89889235911843,"epoch":100,"_step":500,"alpha":0.1,"mean_val_wa":0.7682466023202889,"train_wf1":98.31294923065128,"mean_test_ua":0.7381009615384615,"val_mf1":77.69544115737715,"mean_val_ua":0.7587849506578948,"train_wa":98.49371697009207,"train_mf1":98.35766025629405,"mean_val_uf1":0.7621082783766994,"val_loss":0.7426436394453049,"learning_rate":1.0000000000000002e-07,"val_wf1":77.14854411365872,"mean_test_wa":0.7402757936997068}