{"mean_val_wf1":0.7471785045829071,"_timestamp":1.7365711457794943e+09,"mean_val_uf1":0.7508556250260602,"mean_test_wa":0.7294063111038369,"val_mf1":74.85746542267286,"train_wf1":97.81026807647973,"train_mf1":97.70791368234454,"mean_test_ua":0.7188568376068376,"_runtime":204.991029651,"epoch":150,"val_wa":75.20932295139224,"val_loss":1.3010759486092462,"train_ua":97.79829545454545,"mean_val_ua":0.7473646723646723,"val_ua":74.63719729344729,"mean_test_uf1":0.7183271174411333,"learning_rate":2.43e-07,"mean_val_wa":0.7551130450564831,"val_wf1":74.59205455717459,"_step":750,"train_loss":0.06935310007206032,"_wandb":{"runtime":204},"alpha":0.9,"mean_test_wf1":0.7168863442178411,"train_wa":98.04670459294744}