{"train_loss":0.08029834872909955,"train_mf1":97.87495928631391,"val_loss":0.7024362921714783,"epoch":100,"val_mf1":77.81887923629527,"_timestamp":1.7345100257647882e+09,"train_wa":98.01094648808379,"train_ua":97.84983766233766,"learning_rate":1.0000000000000002e-07,"val_wf1":77.64647459683357,"_wandb":{"runtime":33},"val_ua":77.57211538461539,"val_wa":79.9751881251425,"train_wf1":97.855118834725,"_runtime":33.8051129,"_step":99}