{"_wandb":{"runtime":35},"train_mf1":96.94393313687645,"val_loss":0.6890214800834655,"_timestamp":1.7345072526658008e+09,"train_wa":97.2635687152398,"learning_rate":1.0000000000000002e-07,"epoch":100,"train_loss":0.09946422640766417,"val_mf1":77.2521856787441,"val_wa":78.91491928622807,"val_ua":77.57211538461539,"val_wf1":77.70953742279025,"train_wf1":96.92079947054978,"_step":99,"_runtime":35.4823998,"train_ua":96.91274350649351}