{"alpha":0.5,"val_wa":77.44246099373427,"_runtime":152.973905738,"train_loss":0.05571827377591814,"learning_rate":2.43e-07,"train_mf1":98.44333231412446,"train_wf1":98.40868751322925,"mean_val_uf1":0.760842415719123,"mean_val_wf1":0.7597801646945467,"mean_val_ua":0.7597889957264957,"val_mf1":77.14913291450522,"mean_test_ua":0.7515090811965812,"epoch":150,"_wandb":{"runtime":152},"mean_test_wa":0.754953835522022,"mean_val_wa":0.7655601576881083,"val_loss":0.8645492460992601,"mean_test_uf1":0.7515628979196085,"mean_test_wf1":0.751614021337546,"train_ua":98.40787337662337,"train_wa":98.52457261236627,"_step":750,"val_wf1":77.09852927503958,"val_ua":77.09223646723646,"_timestamp":1.7366817985512857e+09}