{"train_wa":97.88911814991081,"_runtime":32.6442686,"train_loss":0.08131196477583476,"_wandb":{"runtime":32},"val_mf1":76.21980656596354,"val_loss":0.7149039149284363,"_step":99,"_timestamp":1.7345110668789222e+09,"learning_rate":1.0000000000000002e-07,"val_ua":75.60897435897435,"epoch":100,"train_mf1":97.66963728473851,"train_ua":97.62662337662337,"val_wf1":75.5615922391356,"train_wf1":97.63192530249933,"val_wa":77.69487745078611}