{"mean_test_wa":0.741516393179057,"learning_rate":2.43e-07,"mean_test_wf1":0.7297845576880568,"val_ua":75.34944800569801,"_timestamp":1.7365802122738435e+09,"mean_val_wf1":0.7613866377628975,"train_wf1":98.8997137055469,"mean_val_wa":0.7684745430678931,"mean_val_uf1":0.7642307568553279,"epoch":150,"train_mf1":98.87385415115992,"alpha":0.1,"train_loss":0.043691352914486614,"train_wa":98.98396056291733,"mean_test_ua":0.7322961182336183,"_step":750,"mean_test_uf1":0.7312131700710605,"val_loss":1.2113822831047907,"val_mf1":75.55084205797665,"mean_val_ua":0.7618144586894587,"_wandb":{"runtime":201},"val_wf1":75.3404128741743,"_runtime":201.577260646,"train_ua":98.89894480519482,"val_wa":75.81429703356282}