{"_runtime":90.5815947,"val_mf1":78.83992046612533,"train_wf1":97.60745203043277,"epoch":200,"learning_rate":1.0000000000000006e-10,"train_wa":97.87012048436439,"train_ua":97.60525146050291,"val_uf1":0.7883992046612533,"train_mf1":97.6982294347053,"val_wf1":0.7850483982542649,"val_ua":0.7851665296052631,"_wandb":{"runtime":90},"_timestamp":1.7351965938367348e+09,"_step":200,"train_loss":0.08102963936905708,"val_wa":0.7883295915900477,"val_loss":0.7496540173888206}