{"train_wf1":94.42081894299729,"val_wa":76.5239505695946,"epoch":100,"train_mf1":94.50167812884239,"train_loss":0.1736360124179295,"_step":99,"_runtime":46.3657155,"_timestamp":1.7345992042660615e+09,"val_wf1":76.32612756323202,"_wandb":{"runtime":46},"val_loss":0.6552982926368713,"train_ua":94.4200487012987,"val_ua":76.00961538461539,"val_mf1":75.69934029669174,"train_wa":94.8204817511074,"learning_rate":1.0000000000000002e-07}