{"_wandb":{"runtime":46},"train_ua":94.14488636363637,"train_wf1":94.14696448168347,"val_loss":0.6683368802070617,"train_wa":94.51301762116663,"val_ua":76.36618589743588,"epoch":100,"val_wf1":76.39166981038777,"train_mf1":94.19450605195725,"learning_rate":1.0000000000000002e-07,"_step":99,"train_loss":0.17587192228862217,"_runtime":46.8085525,"val_wa":78.06709316777427,"val_mf1":76.52793297116955,"_timestamp":1.7345992538925893e+09}