{"_timestamp":1.7358259030460367e+09,"mean_val_wa":0.7631419760114381,"val_loss":1.205215122964647,"learning_rate":2.43e-07,"mean_test_ua":0.7318287037037037,"train_wf1":98.33149643301945,"train_wa":98.47446071904106,"val_mf1":75.14568725905154,"mean_val_wf1":0.7581682743211505,"train_mf1":98.33167740207801,"val_wf1":75.052002865724,"train_loss":0.056487555748650005,"mean_val_ua":0.7578258547008547,"_step":750,"val_ua":75.0400641025641,"alpha":0.1,"_runtime":433.122876813,"mean_test_uf1":0.7313688845698512,"epoch":150,"mean_val_uf1":0.7587701765023434,"_wandb":{"runtime":433},"val_wa":75.50935000128932,"train_ua":98.32589285714286,"mean_test_wa":0.7406888204654223,"mean_test_wf1":0.7316670138114743}