{"learning_rate":0.0001,"val_wf1":72.63550672162931,"train_ua":81.99970885093168,"_wandb":{"runtime":34},"train_wf1":82.09196192080714,"val_ua":72.53876879699249,"val_wa":73.61341095047194,"_step":111,"val_mf1":72.5617180240272,"_timestamp":1.7356682972200544e+09,"val_loss":0.6975870898791722,"epoch":12,"train_mf1":82.06488034532204,"_runtime":33.782314811,"train_loss":0.5176431217363903,"train_wa":82.55138625535989}