{"_timestamp":1.7345160138683066e+09,"learning_rate":1.0000000000000002e-07,"_runtime":36.638272,"val_loss":0.8002602100372315,"train_ua":97.99107142857143,"_wandb":{"runtime":36},"train_loss":0.07320201205355781,"val_mf1":76.82853862556642,"_step":99,"val_ua":76.56650641025641,"train_wa":98.15354525177584,"val_wa":78.50104847169249,"epoch":100,"val_wf1":76.5220275360267,"train_mf1":98.0157020234059,"train_wf1":97.99382762188799}