{"val_loss":0.8490053415298462,"_wandb":{"runtime":51},"val_ua":76.3599537037037,"train_loss":0.08903287787522589,"_timestamp":1.7359153748840613e+09,"train_wf1":96.96244385318454,"val_wa":76.37676088129025,"train_ua":96.95698051948052,"val_wf1":76.34924784805092,"learning_rate":9e-06,"train_wa":97.09654755601714,"_runtime":51.68659773,"train_mf1":96.9935696924102,"epoch":61,"_step":210,"val_mf1":76.5594563115251}