{"val_wa":72.77158023289053,"val_loss":0.7461096763610839,"val_ua":72.32772435897436,"train_mf1":71.0376427666646,"train_wf1":71.00774383315598,"train_ua":70.88717532467534,"train_loss":0.7394403934478759,"val_mf1":71.91781479702321,"val_wf1":72.59196986398236,"_runtime":5.4144871,"epoch":7,"_wandb":{"runtime":5},"learning_rate":0.0001,"train_wa":71.70543705954411,"_timestamp":1.7344263036250572e+09,"_step":6}