{"train_wf1":97.54760956476044,"train_mf1":97.6365127427715,"train_wa":97.82511297143046,"val_ua":74.04647435897435,"epoch":100,"learning_rate":1.0000000000000002e-07,"_runtime":37.7283265,"train_loss":0.08944558533174651,"val_mf1":74.4696802729785,"_timestamp":1.7345137435682359e+09,"val_wf1":73.75607200473,"val_loss":0.8084474205970764,"_wandb":{"runtime":37},"val_wa":75.49245806678935,"train_ua":97.53733766233766,"_step":99}