{"val_loss":1.2943055629730225,"epoch":150,"_wandb":{"runtime":198},"train_mf1":98.21511302146575,"train_wf1":98.19677542901805,"train_ua":98.19196428571428,"train_wa":98.46188394965225,"mean_val_ua":0.7475471866096867,"val_wf1":74.14072159747266,"mean_val_wa":0.7536633608569284,"learning_rate":2.43e-07,"_step":750,"mean_test_ua":0.7186298076923077,"train_loss":0.06038207177604948,"_runtime":198.095074994,"val_wa":74.93359898877323,"_timestamp":1.736570936845987e+09,"mean_test_wa":0.722212820822446,"mean_test_wf1":0.7180620152923806,"mean_val_uf1":0.7510577634842281,"val_mf1":74.44321995404091,"val_ua":74.17200854700855,"alpha":0.7,"mean_test_uf1":0.7166849021466448,"mean_val_wf1":0.747562947702841}