{"_wandb":{"runtime":39},"train_ua":97.2398538961039,"val_ua":76.16586538461539,"train_loss":0.09116565425481116,"val_mf1":76.45669143176669,"epoch":100,"learning_rate":1.0000000000000002e-07,"_runtime":39.8260445,"train_mf1":97.3093247784661,"val_wa":77.6382908470664,"val_loss":0.773561155796051,"_step":99,"train_wf1":97.24813189030546,"train_wa":97.57232916442392,"_timestamp":1.7350223151719315e+09,"val_wf1":76.0417790313116}