{"mean_val_ua":0.75997150997151,"learning_rate":2.43e-07,"val_wf1":75.70164813462435,"mean_val_wa":0.7660690461868833,"mean_val_wf1":0.7597253816878233,"mean_val_uf1":0.760584072003255,"epoch":150,"mean_test_wf1":0.7310599883602158,"val_ua":75.69667022792022,"_timestamp":1.7357501331765099e+09,"train_loss":0.05518532775874649,"_wandb":{"runtime":383},"mean_test_uf1":0.7327581440352924,"train_wa":98.49457305457175,"val_loss":1.223464356528388,"train_mf1":98.352375706035,"mean_test_wa":0.7430644842248408,"train_wf1":98.35232629227428,"mean_test_ua":0.731753027065527,"train_ua":98.34862012987014,"_runtime":383.30266164,"val_wa":76.22084090982193,"alpha":0.3,"_step":750,"val_mf1":75.7510592279262}