{"learning_rate":1.0000000000000002e-07,"val_ua":75.92147435897436,"_runtime":50.5589444,"train_wf1":97.75056137433401,"train_ua":97.74553571428571,"epoch":100,"val_wa":78.29589238035139,"val_wf1":75.7342510891561,"train_loss":0.0870002109025206,"train_wa":97.95770875853201,"val_mf1":76.67326734661764,"_step":99,"train_mf1":97.80286376967294,"_timestamp":1.7346179979383812e+09,"val_loss":0.6733954071998596,"_wandb":{"runtime":50}}