{"mean_val_uf1":0.7825690238223622,"alpha":0.9,"_step":500,"val_wf1":76.63293235948719,"mean_test_ua":0.7320833333333333,"train_wf1":98.58709875876974,"val_loss":0.7843314647674561,"train_wa":98.70697152596358,"mean_test_uf1":0.7351059740966911,"_runtime":200.975298841,"_wandb":{"runtime":200},"train_loss":0.052208624301212175,"mean_val_wf1":0.7762274226695899,"train_mf1":98.62998978348851,"mean_test_wa":0.7300551078703253,"_timestamp":1.7354698139661381e+09,"val_mf1":77.05864923819773,"learning_rate":2.7e-06,"mean_val_wa":0.7972514002356201,"train_ua":98.58644480519482,"val_ua":76.63461538461537,"mean_val_ua":0.7764342948717949,"val_wa":78.82923127648601,"mean_test_wf1":0.7331867710530375,"epoch":100}