{"val_uf1":0.777918173495341,"val_wf1":0.7752806688077176,"_timestamp":1.7351964988924568e+09,"epoch":200,"val_loss":0.7299775183200836,"learning_rate":1.0000000000000006e-10,"val_wa":0.7857338616269433,"val_mf1":77.7918173495341,"train_ua":97.30303054356109,"_step":200,"val_ua":0.7759971217105264,"_wandb":{"runtime":85},"_runtime":85.9546527,"train_wa":97.48457048090417,"train_loss":0.09286879183303925,"train_wf1":97.3070148380467,"train_mf1":97.2719940006757}