{"train_mf1":72.94058720460063,"_runtime":209.321362692,"_wandb":{"runtime":209},"train_loss":0.720798008782523,"_timestamp":1.735743818531682e+09,"train_ua":72.79991883116882,"val_wf1":72.05006055026392,"_step":310,"val_mf1":72.1906404152608,"epoch":11,"val_ua":72.2133190883191,"train_wf1":72.93927273944854,"val_loss":0.7169718212551541,"train_wa":73.88959474540373,"learning_rate":0.0001,"val_wa":73.67816763258791}