{"_step":500,"mean_test_wf1":0.7396598679950322,"train_wa":98.55087206995896,"train_wf1":98.40503265520934,"train_loss":0.05622013175907808,"mean_val_wa":0.760476824487694,"mean_val_ua":0.7561378205128205,"val_wa":75.69151675129937,"_wandb":{"runtime":197},"_timestamp":1.7354706942887177e+09,"mean_test_uf1":0.7412753432205015,"val_ua":75.45272435897436,"mean_val_uf1":0.7605911963702163,"_runtime":197.067397985,"mean_test_ua":0.7408733974358974,"val_wf1":75.48482933697066,"mean_val_wf1":0.7562628758116863,"val_mf1":75.94147102872014,"learning_rate":2.7e-06,"alpha":0.7,"mean_test_wa":0.7412409860018556,"val_loss":0.8373546481132508,"train_mf1":98.38997138437165,"train_ua":98.40127182214948,"epoch":100}