{"mean_wa":0.7718692551089811,"mean_test_uf1":0.7493663351814711,"train_loss":0.07878587563191691,"learning_rate":1.0000000000000006e-10,"_step":1001,"val_mf1":77.47158769330076,"mean_test_wa":0.7511531683488204,"mean_test_wf1":0.7459301301700434,"val_ua":77.04769736842105,"train_mf1":97.84136369063928,"epoch":200,"val_wa":77.59481662720025,"train_wf1":97.88638945044003,"mean_test_ua":0.7460096153846154,"_wandb":{"runtime":423},"mean_wf1":0.7625887976963224,"_runtime":423.2533134,"mean_ua":0.7626829769736843,"_timestamp":1.7351978503315845e+09,"mean_uf1":0.7652744458515219,"train_wa":97.97083185802326,"train_ua":97.8824692024384,"val_wf1":77.07132980511709,"alpha":0.5,"val_loss":0.7241128236055374}