{"val_wa":75.33007533310912,"_wandb":{"runtime":73},"train_loss":0.4157704659870693,"_timestamp":1.7357467421145563e+09,"val_mf1":75.19858452464203,"train_mf1":86.32073773397391,"train_wf1":86.18308324393658,"train_ua":86.13920454545453,"val_ua":75.04674145299145,"val_wf1":75.00191387483287,"epoch":10,"val_loss":0.7268830935160319,"train_wa":87.37196673577503,"learning_rate":0.0001,"_runtime":73.355033002,"_step":109}