{"train_wa":99.03258343619375,"train_loss":0.04308420387761933,"train_ua":98.94358766233768,"val_mf1":76.73345586552972,"train_mf1":98.95682222765618,"mean_test_wa":0.7321874153912225,"val_wf1":76.5930161646042,"mean_test_ua":0.7261707621082621,"_runtime":227.764802454,"mean_test_wf1":0.724349354652261,"val_wa":77.03605192464923,"mean_val_ua":0.755355235042735,"learning_rate":2.43e-07,"mean_val_wf1":0.7552738433234982,"val_loss":1.2104286750157673,"train_wf1":98.94509533713135,"alpha":0.7,"mean_test_uf1":0.7248051736789813,"mean_val_wa":0.7620725813812287,"_timestamp":1.7365676495404055e+09,"_wandb":{"runtime":227},"epoch":150,"_step":750,"val_ua":76.59588675213675,"mean_val_uf1":0.7584429484823064}