{"train_wf1":98.48421803486296,"train_ua":98.48214285714286,"mean_val_uf1":0.7937290546316454,"mean_test_wf1":0.7375502921676965,"train_mf1":98.45929795541207,"epoch":100,"_step":500,"val_wa":80.23318827955904,"val_loss":0.7477218627929687,"train_wa":98.64337975715107,"val_wf1":78.43563217537843,"val_ua":78.4415064102564,"_wandb":{"runtime":172},"learning_rate":2.7e-06,"_runtime":172.212551711,"_timestamp":1.7354690483157554e+09,"mean_test_ua":0.7378445512820513,"mean_val_wf1":0.7872718257897562,"mean_test_uf1":0.7391919584476839,"mean_val_wa":0.8089261920369758,"mean_val_ua":0.788125,"val_mf1":78.78632947019135,"mean_test_wa":0.7357491152273761,"train_loss":0.049647639372519085,"alpha":0.1}