{"train_mf1":97.24857798103793,"epoch":100,"_step":99,"_wandb":{"runtime":49},"train_loss":0.10068249319280898,"_timestamp":1.7345128140369513e+09,"train_wa":97.36912035239384,"val_mf1":76.93742014124453,"val_wa":78.0986294173686,"_runtime":49.643288,"train_ua":97.20982142857143,"train_wf1":97.21184275212745,"val_loss":0.7533483266830444,"learning_rate":1.0000000000000002e-07,"val_ua":76.63461538461537,"val_wf1":76.6688317413052}