{"val_loss":0.7134963870048523,"train_ua":96.09375,"_wandb":{"runtime":75},"val_ua":75.54086538461539,"train_wa":96.31176002940956,"_runtime":75.6197028,"train_loss":0.12650274506637027,"val_mf1":75.393562532033,"val_wa":76.01129352602335,"val_wf1":75.6139981412743,"_step":199,"epoch":200,"learning_rate":1.0000000000000006e-10,"train_wf1":96.10526076776657,"_timestamp":1.7345059159864502e+09,"train_mf1":96.12565998797776}