{"val_mf1":77.4244864867151,"train_ua":98.28609188468378,"train_wa":98.25933946485294,"_wandb":{"runtime":174},"train_loss":0.06670885845538109,"_timestamp":1.7352848266886716e+09,"mean_test_wf1":0.7317579045561842,"epoch":100,"mean_test_uf1":0.7339509563983981,"mean_val_wa":0.7675527172735637,"_step":500,"mean_test_wa":0.7342330183525837,"mean_val_ua":0.7574150219298246,"val_ua":76.85649671052632,"train_mf1":98.2680019123636,"val_wf1":76.88483538678723,"mean_val_uf1":0.760116448169405,"_runtime":174.3939006,"train_wf1":98.28314285611755,"mean_val_wf1":0.7574115609803579,"mean_test_ua":0.7322516025641026,"learning_rate":1.0000000000000002e-07,"val_wa":77.59331359052322,"val_loss":0.7540744170546532,"alpha":0.5}