{"mean_val_wf1":0.7632524287146794,"_timestamp":1.7358324601374712e+09,"train_loss":0.04551836938730308,"mean_test_ua":0.7225026709401708,"val_mf1":77.34858812980076,"mean_test_wa":0.7261522747813748,"mean_val_ua":0.7635016025641026,"_wandb":{"runtime":470},"_runtime":470.282033101,"val_loss":1.1486812233924866,"alpha":0.1,"val_ua":77.17236467236467,"learning_rate":2.43e-07,"train_wf1":98.65335310138018,"mean_test_wf1":0.7203175316344378,"epoch":150,"mean_val_uf1":0.7649346677159864,"train_ua":98.6534090909091,"mean_val_wa":0.7680664878156449,"val_wa":77.80862836680666,"_step":750,"train_wa":98.8153700322566,"train_mf1":98.67883562691271,"val_wf1":77.17474267837008,"mean_test_uf1":0.7205213690789601}