{"val_wa":80.37596775937874,"train_wa":97.55996172102844,"learning_rate":1.0000000000000006e-10,"epoch":200,"train_ua":97.41112012987013,"val_loss":0.7080489993095398,"val_mf1":80.03770559831696,"_step":199,"_runtime":97.2844327,"train_loss":0.08686969535691398,"val_ua":79.26682692307693,"val_wf1":79.3319842623623,"_wandb":{"runtime":97},"_timestamp":1.7345093476188977e+09,"train_wf1":97.42318435400674,"train_mf1":97.35078801541127}