{"train_wa":98.3284899870371,"_wandb":{"runtime":252},"mean_val_uf1":0.753046063537088,"learning_rate":2.43e-07,"mean_val_wa":0.7588192348074155,"_timestamp":1.736577196671803e+09,"val_ua":75.01558048433048,"mean_val_ua":0.7520165598290598,"train_ua":98.20698051948052,"train_loss":0.06291268978800092,"train_wf1":98.21128533339133,"mean_test_ua":0.7148904914529915,"val_mf1":75.19379840875256,"val_loss":1.176917639043596,"mean_val_wf1":0.7521186622550872,"_runtime":252.324068713,"epoch":150,"mean_test_wf1":0.7141605822992162,"alpha":0.7,"_step":750,"mean_test_uf1":0.7150833130741049,"train_mf1":98.18573632766451,"mean_test_wa":0.7260508965108788,"val_wf1":75.04104277184737,"val_wa":75.7844016061182}