{"val_mf1":74.74908408895115,"val_wf1":74.5889682544433,"train_wa":96.70011612054844,"epoch":200,"train_mf1":96.45245015414024,"_step":199,"train_loss":0.12004758822066443,"val_wa":76.43001452122421,"train_ua":96.31006493506494,"_wandb":{"runtime":67},"val_loss":0.7414121150970459,"learning_rate":1.0000000000000006e-10,"val_ua":74.62740384615385,"_runtime":67.3824802,"train_wf1":96.32815334135233,"_timestamp":1.7345050761445014e+09}