{"val_mf1":78.4293929272712,"val_loss":0.7057877659797669,"val_ua":78.04086538461539,"_step":134,"_runtime":71.2202381,"train_wf1":95.44173184340504,"epoch":135,"train_loss":0.13383838215044566,"train_mf1":95.53353876761228,"train_ua":95.43181818181817,"val_wf1":78.03820691741477,"learning_rate":1.0000000000000004e-08,"train_wa":95.87253449099157,"_timestamp":1.7345066853413155e+09,"val_wa":79.71960405676428,"_wandb":{"runtime":71}}