{"_runtime":48.452574515,"val_wa":76.78344099288206,"learning_rate":9e-06,"train_loss":0.05398205188768251,"train_mf1":98.40411311081509,"_wandb":{"runtime":48},"val_ua":76.36663105413105,"train_ua":98.40787337662337,"_timestamp":1.7365029064016242e+09,"_step":236,"epoch":87,"train_wf1":98.4158316385188,"train_wa":98.64499972115533,"val_loss":0.9438752465777926,"val_mf1":76.85099223935441,"val_wf1":76.46401042514917}