{"_timestamp":1.7345126559555056e+09,"learning_rate":1.0000000000000002e-07,"_step":99,"val_loss":0.6904066562652588,"train_wf1":96.51010902055307,"val_wa":81.5426864746524,"val_mf1":80.74832600219818,"train_ua":96.49594155844156,"val_wf1":80.62909153970497,"train_loss":0.10851937000240598,"train_wa":96.89715417539784,"_wandb":{"runtime":48},"train_mf1":96.5204478178063,"epoch":100,"_runtime":48.9840905,"val_ua":80.5168269230769}