{"epoch":100,"mean_val_wa":0.7678470928334059,"train_ua":98.41517857142857,"mean_test_ua":0.757616631054131,"_timestamp":1.7356618524379792e+09,"mean_val_uf1":0.7630697187772484,"val_loss":0.8288199504216512,"train_wa":98.57800155341387,"alpha":0.7,"learning_rate":2.7e-06,"train_loss":0.05176791240062032,"train_wf1":98.41985898572216,"_step":500,"_runtime":223.669028149,"val_wf1":75.61197604161481,"mean_val_ua":0.760803952991453,"mean_val_wf1":0.7606055905658455,"val_mf1":75.82057422520815,"mean_test_uf1":0.7585009689334411,"mean_test_wf1":0.7577724922140185,"val_ua":75.65438034188034,"mean_test_wa":0.7613716632668813,"_wandb":{"runtime":223},"val_wa":76.17240975682658,"train_mf1":98.36313276902314}