{"train_ua":97.40383384536611,"_wandb":{"runtime":107},"val_wa":75.70814380506764,"train_mf1":97.3949520501564,"val_ua":74.83723958333334,"train_wf1":97.4176919657189,"_runtime":106.5490395,"learning_rate":1e-05,"_timestamp":1.7352058610513084e+09,"epoch":51,"val_mf1":75.39311771554699,"val_loss":0.8031255975365639,"_step":250,"train_wa":97.6840958080466,"train_loss":0.08882937087647376,"val_wf1":74.80950511206346}