{"val_ua":75.00890313390313,"epoch":150,"val_wf1":74.98210533332264,"train_ua":98.68303571428572,"mean_val_wf1":0.7622994210394101,"val_loss":1.2792710993025038,"mean_test_wa":0.7364475703573696,"train_wa":98.87086359641937,"_timestamp":1.7365688756793594e+09,"alpha":0.7,"mean_test_ua":0.7280181623931623,"val_wa":75.4305299302649,"val_mf1":75.09960489393714,"_runtime":204.538814727,"learning_rate":2.43e-07,"mean_test_uf1":0.7271121222607434,"mean_val_wa":0.7674894840201028,"_step":750,"mean_val_ua":0.762633547008547,"_wandb":{"runtime":204},"train_wf1":98.6860180689149,"mean_val_uf1":0.7640026573878403,"train_loss":0.04590936505368778,"train_mf1":98.71953432804048,"mean_test_wf1":0.726520376396775}