{"val_wa":77.75930191781656,"_timestamp":1.7345126032935755e+09,"_step":99,"train_wa":96.8432391296237,"_runtime":51.0767795,"_wandb":{"runtime":51},"val_wf1":76.92007648960025,"train_loss":0.108866464559521,"train_ua":96.6148538961039,"train_wf1":96.63166247216022,"train_mf1":96.58893799859123,"val_mf1":76.65997310190468,"val_loss":0.7825266122817993,"learning_rate":1.0000000000000002e-07,"epoch":100,"val_ua":76.70272435897436}