{"train_ua":98.45251623376625,"train_loss":0.049690481913941244,"epoch":147,"train_wa":98.6278567772109,"_wandb":{"runtime":40},"val_mf1":74.94753887899923,"val_wa":75.41696166586324,"_timestamp":1.7365140620741875e+09,"train_wf1":98.45527540100495,"_runtime":40.18705002,"train_mf1":98.44485343810707,"val_ua":74.66835826210826,"val_wf1":74.65246003122314,"val_loss":1.329415202140808,"_step":146,"learning_rate":8.1e-07}