{"mean_val_wf1":0.7490228717676118,"mean_test_wf1":0.7060626331022497,"mean_test_uf1":0.7065238596312399,"train_ua":98.19967532467531,"train_mf1":98.19517238726552,"mean_test_ua":0.7088764245014245,"_step":750,"val_loss":1.3206386036343045,"mean_test_wa":0.7164809963111305,"mean_val_ua":0.7490384615384615,"_wandb":{"runtime":235},"learning_rate":2.43e-07,"train_loss":0.05511969657880919,"mean_val_wa":0.7555749959204056,"val_mf1":76.15803722828728,"val_wf1":75.64808679155738,"train_wf1":98.20232662750706,"_runtime":235.430186369,"train_wa":98.39299852191213,"mean_val_uf1":0.7527456992219377,"val_ua":75.72783119658119,"alpha":0.7,"val_wa":76.53595187278279,"_timestamp":1.7365785753842826e+09,"epoch":150}