{"_step":104,"train_wa":96.97717557703203,"_runtime":50.641816293,"val_loss":0.7158307582139969,"train_mf1":96.69971411110629,"epoch":105,"val_wf1":76.64098232061606,"val_mf1":76.50141619300888,"learning_rate":1.0000000000000002e-07,"train_ua":96.69658858166922,"train_wf1":96.70296222530135,"_wandb":{"runtime":50},"_timestamp":1.7354004189527254e+09,"val_wa":77.03527613732597,"train_loss":0.11275083427467654,"val_ua":76.59505208333334}