{"_step":199,"epoch":200,"_runtime":74.0721052,"val_loss":0.7878888726234436,"train_mf1":97.14960396286476,"learning_rate":1.0000000000000006e-10,"train_wa":97.24534931455041,"_timestamp":1.7344347854810705e+09,"val_wa":76.06355334976156,"train_ua":97.0909090909091,"_wandb":{"runtime":74},"train_wf1":97.09521387592885,"val_mf1":75.10205216785153,"val_ua":74.87179487179488,"train_loss":0.09195689239672251,"val_wf1":74.74348756878038}