{"val_ua":75.7740542763158,"mean_test_ua":0.7397516025641024,"val_wf1":75.68804050232794,"train_loss":0.09690582800296045,"val_wa":77.00404807186044,"mean_val_wa":0.7714062435648944,"mean_test_wa":0.7493610016110016,"mean_val_uf1":0.7656558207108757,"train_wf1":97.03100745796232,"mean_val_ua":0.7622950932017545,"mean_test_uf1":0.7417109899613873,"mean_test_wf1":0.7378455935365992,"val_mf1":76.30645458969353,"train_mf1":97.04516355990036,"alpha":0.9,"train_ua":97.02601123952248,"val_loss":0.7533514201641083,"_step":1000,"train_wa":97.27355473240878,"mean_val_wf1":0.7621683979151452,"_wandb":{"runtime":603},"learning_rate":1.0000000000000006e-10,"_runtime":602.9808107,"epoch":200,"_timestamp":1.7352924933683786e+09}