{"learning_rate":0.0001,"train_wf1":94.26883597549788,"train_ua":94.25003200204813,"_wandb":{"runtime":148},"epoch":25,"val_loss":0.6596299931406975,"val_wa":77.70785622749395,"_timestamp":1.735204291165951e+09,"train_loss":0.18682283619719167,"_runtime":148.576669,"val_mf1":77.49471930600242,"train_wa":94.61852329984488,"val_ua":76.88802083333334,"_step":224,"train_mf1":94.24075299933511,"val_wf1":76.94906946149092}