{"train_loss":0.047438818216323855,"_step":500,"learning_rate":2.7e-06,"mean_test_uf1":0.7610485648337019,"mean_val_wf1":0.7631028896634333,"_wandb":{"runtime":229},"mean_test_ua":0.759241452991453,"val_wf1":76.7658250573415,"_timestamp":1.7357220989126422e+09,"mean_val_uf1":0.7664434896600972,"_runtime":229.046856044,"train_mf1":98.6335516547191,"mean_test_wf1":0.759381980209444,"val_mf1":77.00866136188692,"train_wa":98.77242125247278,"val_loss":0.868866933716668,"alpha":0.5,"epoch":100,"val_wa":77.11997023949445,"mean_test_wa":0.7633718723552274,"mean_val_ua":0.7632345085470086,"train_wf1":98.60026012117751,"val_ua":76.74501424501425,"train_ua":98.59375,"mean_val_wa":0.7703244940045181}