{"mean_val_wa":0.7708340303453096,"train_loss":0.04266836691115584,"mean_test_wa":0.7258235510612119,"_runtime":238.437464465,"val_mf1":76.44341508154304,"val_ua":76.27314814814814,"val_wa":76.9048115252034,"alpha":0.1,"val_loss":1.2612523900138006,"mean_val_ua":0.7649661680911681,"mean_val_wf1":0.764434574309815,"train_ua":98.75,"_timestamp":1.7365669922844057e+09,"learning_rate":2.43e-07,"_wandb":{"runtime":238},"val_wf1":76.28461658761681,"mean_test_wf1":0.7228680545273478,"mean_val_uf1":0.7670744362340458,"epoch":150,"train_wf1":98.75367822761619,"train_wa":98.88676572674139,"mean_test_ua":0.7232683404558404,"_step":750,"mean_test_uf1":0.7223742273727823,"train_mf1":98.72945009925515}