{"train_wa":97.11343964789927,"epoch":100,"train_loss":0.10112122116344316,"_timestamp":1.7346028364867027e+09,"val_ua":77.10336538461539,"train_mf1":96.86259095615496,"_step":99,"train_wf1":96.9121680412737,"train_ua":96.90503246753246,"learning_rate":1.0000000000000002e-07,"_wandb":{"runtime":34},"_runtime":34.6678287,"val_wf1":77.10676501416457,"val_loss":0.75662282705307,"val_mf1":77.29865805866008,"val_wa":78.07700492012103}