{"epoch":100,"train_ua":97.58928571428571,"val_loss":0.7724391698837281,"train_mf1":97.65216276328579,"val_wf1":74.08934965539086,"train_loss":0.09303554626447814,"val_wa":75.97360132938151,"val_mf1":74.73688670345602,"_timestamp":1.7345137835238628e+09,"_step":99,"_wandb":{"runtime":36},"val_ua":74.35897435897436,"train_wf1":97.5899768726337,"learning_rate":1.0000000000000002e-07,"_runtime":36.6139289,"train_wa":97.82183540457355}