{"_timestamp":1.7352340313850393e+09,"train_mf1":95.1219924854791,"train_wf1":95.09795189257567,"val_ua":74.54427083333334,"val_loss":0.7996916547417641,"epoch":27,"_runtime":80.2444825,"val_wa":75.66166820107462,"train_wa":95.39973522242474,"learning_rate":0.0001,"val_wf1":74.43039281758564,"train_ua":95.08248527905786,"_step":226,"val_mf1":74.82726214886053,"_wandb":{"runtime":80},"train_loss":0.14265823171984765}