{"learning_rate":1.0000000000000006e-10,"train_loss":0.08296602804745946,"train_ua":97.53733766233766,"train_wf1":97.54067974892266,"val_ua":78.4415064102564,"val_wf1":78.41666425283847,"train_mf1":97.59719314816058,"val_wa":79.99032636334108,"epoch":200,"_timestamp":1.7344180257389865e+09,"_step":199,"_runtime":79.152801,"_wandb":{"runtime":79},"val_loss":0.6781017065048218,"val_mf1":79.09790734428348,"train_wa":97.78242544226275}