{"mean_val_uf1":0.7579140516876539,"mean_test_wf1":0.7242609001309986,"train_wf1":98.54734807825993,"mean_test_wa":0.7369016731716413,"alpha":0.7,"learning_rate":2.43e-07,"_wandb":{"runtime":216},"val_mf1":76.50740924754432,"train_loss":0.048972275640283315,"mean_val_ua":0.756156517094017,"train_wa":98.6853321832148,"train_mf1":98.4889399149994,"_timestamp":1.7365746648876767e+09,"val_ua":76.31098646723646,"epoch":150,"_step":750,"mean_val_wf1":0.7557824601164798,"mean_val_wa":0.7638029294896266,"val_wa":77.22506747804968,"val_wf1":76.29996763909027,"mean_test_uf1":0.7258460110151668,"val_loss":1.2154679629537795,"_runtime":216.919180647,"mean_test_ua":0.7252938034188035,"train_ua":98.54180194805195}