{"epoch":5,"train_wa":72.31297278065222,"_timestamp":1.7352326075409575e+09,"train_ua":71.63418458781362,"val_ua":70.93098958333334,"val_wf1":70.93044407552121,"val_loss":0.7601921111345291,"learning_rate":0.0001,"_wandb":{"runtime":44},"train_mf1":71.86145365493563,"val_wa":71.70377084344304,"_step":104,"train_wf1":71.78232754450677,"_runtime":44.0078331,"val_mf1":71.2346602500652,"train_loss":0.787338339513348}