{"train_ua":96.77881493506494,"learning_rate":1.0000000000000002e-07,"_timestamp":1.7349693323578904e+09,"_wandb":{"runtime":58},"train_wa":97.06720236370457,"val_wf1":79.25236241016306,"val_ua":79.1786858974359,"train_wf1":96.79000112153976,"epoch":100,"_step":99,"train_loss":0.11232108867594175,"train_mf1":96.83060891373985,"val_loss":0.6389484524726867,"val_wa":80.84199482925027,"val_mf1":79.05293691920309,"_runtime":58.0238634}