{"train_ua":98.30357142857142,"_step":750,"train_wa":98.55936462729153,"mean_val_wf1":0.7497990583229317,"mean_test_ua":0.7217948717948718,"val_loss":1.2976555162005954,"val_wa":75.74115842955506,"val_ua":75.4429309116809,"learning_rate":2.43e-07,"mean_val_uf1":0.7529875277643356,"_wandb":{"runtime":193},"mean_val_wa":0.7548923687959725,"mean_val_ua":0.7496928418803418,"_runtime":193.754619461,"train_mf1":98.40483967915205,"_timestamp":1.7365721843252501e+09,"val_wf1":75.45405343587174,"train_wf1":98.30316611394205,"val_mf1":75.62021628764955,"epoch":150,"mean_test_uf1":0.7205753829324719,"train_loss":0.05382396669260093,"alpha":0.9,"mean_test_wa":0.7301024102408337,"mean_test_wf1":0.7209157066293643}