{"train_loss":0.20710915071623667,"val_loss":0.6954034328460693,"train_wf1":92.85970410753154,"val_mf1":75.9015102811949,"learning_rate":1.0000000000000006e-10,"train_ua":92.83522727272727,"_wandb":{"runtime":66},"val_ua":75.7411858974359,"val_wf1":75.47370261987943,"train_mf1":92.82782281679206,"_timestamp":1.7344254983083043e+09,"_runtime":66.0477484,"epoch":200,"_step":199,"val_wa":77.71637805718389,"train_wa":93.20493288597194}