{"epoch":77,"_step":76,"val_wa":71.00342009034183,"val_loss":1.4649011161592271,"val_ua":70.38372507122507,"val_mf1":70.51813045709993,"_timestamp":1.7374523492339647e+09,"learning_rate":9e-06,"train_mf1":98.55374163793732,"train_loss":0.04617113673261234,"train_wa":98.65308907607752,"_runtime":19.992784012,"val_wf1":70.2260374102387,"_wandb":{"runtime":20},"train_ua":98.54180194805195,"train_wf1":98.54279742017789}