{"learning_rate":1.0000000000000002e-07,"train_mf1":97.38773502974391,"train_loss":0.08529695251158305,"train_wf1":97.39411264333259,"_step":99,"train_wa":97.53240965402865,"val_wa":78.49282130540571,"val_ua":76.70272435897436,"train_ua":97.38839285714286,"val_wf1":76.72063148856746,"val_loss":0.7152042031288147,"_wandb":{"runtime":33},"_timestamp":1.7345099892078218e+09,"_runtime":33.9076624,"val_mf1":77.26546008777389,"epoch":100}