{"train_loss":0.07320328163249153,"_wandb":{"runtime":39},"train_wa":98.2574576206015,"learning_rate":1.0000000000000002e-07,"_step":99,"_timestamp":1.7349701864781291e+09,"train_wf1":98.12237579035492,"epoch":100,"train_ua":98.11810064935067,"val_mf1":76.9026947581014,"_runtime":39.9898987,"val_wa":77.8977263104128,"val_wf1":76.28074384245822,"train_mf1":98.1554684971018,"val_loss":0.7067800641059876,"val_ua":76.27804487179488}