{"train_loss":0.12704934307507107,"epoch":100,"train_wf1":96.0330271825944,"learning_rate":1.0000000000000002e-07,"_timestamp":1.7345067480883555e+09,"val_wa":80.73411158923311,"val_ua":79.06650641025641,"train_ua":96.02719155844156,"train_wa":96.33549244882593,"_step":99,"val_mf1":79.42368586310552,"val_wf1":79.08099540672673,"train_mf1":96.10891395296764,"_runtime":48.6211746,"_wandb":{"runtime":48},"val_loss":0.6699791431427002}