{"mean_test_uf1":0.7213047054578983,"_step":750,"alpha":0.9,"mean_val_wa":0.7553289284620327,"val_wf1":75.19858890609864,"mean_val_wf1":0.7497307398218618,"mean_test_wf1":0.7209940137762241,"_wandb":{"runtime":361},"train_wa":97.7252135351055,"mean_test_wa":0.7304114741266748,"val_loss":1.231921308570438,"_timestamp":1.735751282339439e+09,"_runtime":361.424614823,"learning_rate":2.43e-07,"train_mf1":97.55781289910534,"val_wa":75.14608323181744,"epoch":150,"train_wf1":97.54079885270373,"mean_test_ua":0.7214031339031339,"val_ua":75.13354700854701,"mean_val_ua":0.7499198717948719,"mean_val_uf1":0.7506746847013458,"train_ua":97.53774350649351,"val_mf1":75.06707853854839,"train_loss":0.07287399465484279}