{"train_wa":98.59056279878348,"val_ua":74.81748575498575,"_runtime":232.661841693,"mean_test_wf1":0.7068372619046068,"mean_val_uf1":0.7514223832105104,"val_wf1":74.82713007502495,"val_loss":1.3149447970920138,"mean_val_wa":0.7536692378176353,"mean_test_uf1":0.7069591089951719,"alpha":0.1,"mean_test_ua":0.708306623931624,"learning_rate":2.43e-07,"mean_test_wa":0.7145921396293298,"train_loss":0.0513160022773913,"_step":750,"val_mf1":75.16405888354059,"mean_val_ua":0.7474537037037037,"train_mf1":98.42208421971647,"epoch":150,"mean_val_wf1":0.7472080004133996,"train_wf1":98.38954190255032,"_timestamp":1.7365778611362636e+09,"val_wa":75.24294619472346,"train_ua":98.38555194805195,"_wandb":{"runtime":232}}