{"val_ua":75.67886396011396,"train_loss":0.05092966444790363,"mean_val_wf1":0.7542358261302793,"mean_val_wa":0.760889333233359,"mean_test_uf1":0.739596914171449,"_timestamp":1.7357535599571552e+09,"train_ua":98.58644480519482,"val_loss":1.1523628234863281,"epoch":150,"mean_test_wa":0.7481518000596008,"alpha":0.5,"_runtime":514.873084908,"mean_test_ua":0.7396768162393161,"train_mf1":98.5784078287693,"val_wf1":75.57723569125766,"mean_test_wf1":0.7392957588755114,"_wandb":{"runtime":514},"learning_rate":2.43e-07,"train_wa":98.66298593028753,"mean_val_ua":0.7544916310541311,"val_mf1":75.90115538609204,"_step":750,"mean_val_uf1":0.7555184017368272,"train_wf1":98.59052675601605,"val_wa":76.45317045452805}