{"_step":500,"mean_val_wf1":0.7619238036085834,"_timestamp":1.735286548924842e+09,"mean_val_wa":0.7711126487321337,"learning_rate":1.0000000000000002e-07,"mean_test_uf1":0.7394345709098571,"val_loss":0.7691370099782944,"mean_test_wa":0.7395158995267691,"_wandb":{"runtime":199},"train_loss":0.06764047737083127,"_runtime":199.2654892,"val_wf1":76.41875276137024,"alpha":0.1,"train_ua":98.21068548387096,"train_wa":98.21999400886423,"mean_test_ua":0.7371233974358974,"val_wa":77.33758434789993,"epoch":100,"val_ua":76.43606085526315,"mean_val_ua":0.7619860197368421,"mean_val_uf1":0.7648530846911006,"train_wf1":98.21208468172368,"train_mf1":98.20204262909444,"mean_test_wf1":0.7366714815208031,"val_mf1":77.03437807840587}