{"val_ua":76.8790064102564,"train_loss":0.09152321315237454,"train_wa":97.41654041412482,"val_mf1":77.32989263702976,"_step":99,"epoch":100,"val_loss":0.7518754720687866,"_runtime":37.3119513,"train_wf1":97.22618110139281,"_timestamp":1.734513702304767e+09,"val_wf1":76.94197911708108,"train_ua":97.21753246753246,"learning_rate":1.0000000000000002e-07,"train_mf1":97.18099827034095,"_wandb":{"runtime":37},"val_wa":78.08117762982386}