{"epoch":200,"_timestamp":1.735195122401143e+09,"train_mf1":97.69163822718924,"val_wf1":75.87073392591371,"val_mf1":76.61317297990493,"val_wa":78.43662500299192,"train_loss":0.08337874359318188,"train_wf1":97.7427213540027,"_step":199,"val_ua":75.92147435897436,"learning_rate":1.0000000000000006e-10,"_runtime":92.1963845,"val_loss":0.673688805103302,"_wandb":{"runtime":92},"train_ua":97.73823051948052,"train_wa":97.9433184666243}