{"epoch":100,"val_wf1":76.42795619944985,"val_mf1":76.9694434083091,"_wandb":{"runtime":33},"train_loss":0.03423404869224344,"train_wf1":99.19581893084268,"train_mf1":99.1838541748479,"learning_rate":2.7e-06,"val_ua":76.43429487179488,"val_wa":78.4027095989767,"_runtime":33.557608701,"train_ua":99.19642857142857,"train_wa":99.2309375499648,"val_loss":0.7889715075492859,"_step":99,"_timestamp":1.7354675738296719e+09}