{"learning_rate":9e-06,"_timestamp":1.7365761506162345e+09,"_runtime":21.21217778,"train_wf1":98.23867138563614,"_step":65,"val_mf1":77.230471752099,"train_loss":0.060555104379143035,"val_ua":77.02991452991452,"val_wa":77.56016914591567,"train_wa":98.32924694519286,"epoch":66,"val_wf1":77.02498774458013,"train_ua":98.23701298701299,"train_mf1":98.2500509980623,"val_loss":1.1048142512639363,"_wandb":{"runtime":21}}