{"train_ua":98.13271103896103,"train_wa":98.37826154077402,"mean_val_wf1":0.7600553875568133,"mean_val_wa":0.7681997202344933,"mean_test_uf1":0.7479402474925234,"train_loss":0.06481926861618247,"val_loss":0.8628575007120768,"val_wf1":75.58700662401723,"mean_test_wf1":0.7468667108591367,"val_mf1":75.80986193793558,"val_ua":75.59873575498575,"_timestamp":1.7365948387634633e+09,"train_mf1":98.15688527798673,"_runtime":171.277338785,"mean_test_wa":0.7555835958872421,"alpha":0.5,"mean_val_uf1":0.7625541336634412,"_step":750,"learning_rate":2.43e-07,"mean_test_ua":0.7476540242165242,"_wandb":{"runtime":171},"epoch":150,"train_wf1":98.13828603449404,"mean_val_ua":0.7601896367521368,"val_wa":76.40347691943751}