{"val_wf1":78.6130894988969,"_runtime":54.503673,"_timestamp":1.7346181129849703e+09,"train_mf1":97.60765980476542,"train_wa":97.79332145635115,"_wandb":{"runtime":54},"train_loss":0.08237942936164992,"_step":99,"val_ua":78.62179487179488,"train_ua":97.62662337662337,"epoch":100,"train_wf1":97.63667044002516,"learning_rate":1.0000000000000002e-07,"val_mf1":79.09559533058192,"val_loss":0.6342821478843689,"val_wa":80.68571739850071}