{"epoch":150,"mean_val_wa":0.7698945649262683,"val_mf1":75.83356787299482,"mean_val_wf1":0.7642144145632026,"mean_val_uf1":0.764805696305651,"_wandb":{"runtime":375},"_timestamp":1.7358245721471605e+09,"_runtime":375.140457314,"mean_test_wa":0.7337968416901839,"mean_val_ua":0.7635950854700855,"mean_test_ua":0.7262375356125357,"train_mf1":97.6614567379816,"_step":750,"val_loss":1.203132881058587,"mean_test_uf1":0.7257329797419187,"val_wa":76.14129700387753,"mean_test_wf1":0.7261516603347712,"train_ua":97.62662337662337,"val_ua":75.8213141025641,"train_wf1":97.62690379727556,"alpha":0.5,"learning_rate":2.43e-07,"train_wa":97.97414861907482,"train_loss":0.06960789539984294,"val_wf1":75.93327338216251}