{"_timestamp":1.7345082401518626e+09,"epoch":200,"train_wa":97.4726544680695,"val_mf1":78.7652181974503,"train_mf1":97.21758079399623,"train_wf1":97.15153606119485,"val_ua":78.8661858974359,"train_ua":97.14285714285714,"_wandb":{"runtime":93},"_runtime":93.9805016,"learning_rate":1.0000000000000006e-10,"val_wa":80.07597387040498,"val_wf1":78.86867937962492,"train_loss":0.10143736228346825,"val_loss":0.6492583394050598,"_step":199}