{"val_wa":77.63145300275748,"mean_val_ua":0.7667512464387463,"mean_test_wa":0.7385774570550163,"_wandb":{"runtime":204},"mean_test_ua":0.7327323717948719,"epoch":150,"train_mf1":98.4872689072269,"val_wf1":77.06374515836055,"val_mf1":77.2109309616139,"mean_test_wf1":0.7310722518446235,"val_loss":1.2168752286169264,"mean_val_wa":0.7718897323838954,"mean_val_wf1":0.766208924698399,"val_ua":77.11004273504273,"learning_rate":2.43e-07,"mean_test_uf1":0.7313331136133526,"_timestamp":1.7365686676764677e+09,"train_wf1":98.46952275059296,"alpha":0.5,"train_wa":98.5997347467889,"train_ua":98.46753246753246,"train_loss":0.05121364939425673,"_runtime":204.528275965,"_step":750,"mean_val_uf1":0.768677937541282}