{"val_wf1":76.0184481891254,"_runtime":18.6809278,"train_ua":93.21428571428572,"learning_rate":1e-05,"train_loss":0.19091326338904244,"val_wa":76.92856080358321,"_wandb":{"runtime":18},"train_mf1":93.29253493781505,"val_mf1":75.64280389223181,"train_wa":93.50110393469298,"_step":45,"val_ua":75.80929487179488,"_timestamp":1.7344189793801455e+09,"train_wf1":93.2205815870547,"val_loss":0.6371296763420105,"epoch":46}