{"val_wa":76.04505962866784,"mean_test_wa":0.7443448520012355,"val_ua":75.30048076923077,"train_wf1":96.28018502412387,"val_wf1":75.27589123838331,"_wandb":{"runtime":257},"learning_rate":1.0000000000000002e-07,"mean_val_uf1":0.755953861072438,"_step":500,"train_mf1":96.27370010201034,"val_loss":0.9721003770828247,"mean_test_wf1":0.7297671400545074,"train_wa":96.6020805544843,"mean_test_uf1":0.7324230560506099,"val_mf1":75.42688993399241,"_timestamp":1.7357442623953004e+09,"alpha":0.1,"mean_val_wf1":0.7546325925651864,"mean_val_ua":0.7549634971509972,"train_loss":0.12055445803063257,"epoch":100,"mean_val_wa":0.7616506378680789,"mean_test_ua":0.7312678062678062,"train_ua":96.26501623376625,"_runtime":257.410791184}