{"train_wf1":35.95590293945796,"val_wa":62.64806380292283,"val_loss":1.2611870050430298,"learning_rate":0.0001,"val_wf1":57.70768789128784,"_step":0,"_runtime":3.1673292,"_wandb":{"runtime":3},"val_ua":58.713942307692314,"_timestamp":1.7344180607534323e+09,"train_ua":38.25527597402597,"train_loss":1.3067357914788382,"train_mf1":37.033237156184235,"val_mf1":58.61971146785771,"epoch":1,"train_wa":41.87996343612744}