{"_timestamp":1.734969994975462e+09,"val_loss":0.6864466071128845,"train_loss":0.08467034090842519,"_step":99,"val_wa":80.3663904076621,"train_wa":97.93152314779624,"val_mf1":79.2272571331608,"train_mf1":97.71670310807652,"_runtime":59.2062146,"val_ua":78.70993589743588,"train_ua":97.61931818181817,"epoch":100,"val_wf1":78.65290009882727,"learning_rate":1.0000000000000002e-07,"_wandb":{"runtime":59},"train_wf1":97.62274716881527}