{"train_wf1":98.64139405510504,"train_loss":0.0625384199402986,"train_ua":98.63831285202252,"val_loss":0.8205425143241882,"val_ua":75.29296875,"learning_rate":1.0000000000000002e-06,"train_wa":98.7039755625978,"_step":77,"val_mf1":75.14897659238964,"val_wa":75.93463176115365,"train_mf1":98.64813927290734,"val_wf1":75.34905587489992,"_runtime":31.7210491,"_wandb":{"runtime":31},"epoch":78,"_timestamp":1.7352340799653177e+09}