{"_wandb":{"runtime":175},"mean_test_uf1":0.7444839260844501,"train_wf1":99.08708950285123,"val_mf1":77.40799585428783,"_runtime":175.607281079,"_step":500,"val_wa":78.81385511400838,"mean_test_wf1":0.741863064029817,"train_loss":0.03585460715528045,"epoch":100,"mean_val_uf1":0.7832385640965253,"val_ua":77.01522435897436,"learning_rate":2.7e-06,"alpha":0.3,"train_wa":99.13391021652991,"val_loss":0.8081046938896179,"mean_test_ua":0.7410977564102564,"_timestamp":1.735468041920746e+09,"mean_test_wa":0.7421292082379038,"mean_val_wf1":0.7786463580303694,"mean_val_ua":0.7783092948717949,"train_mf1":99.06589515155942,"train_ua":99.08482142857142,"val_wf1":76.96049595708712,"mean_val_wa":0.7936599082927582}