{"_wandb":{"runtime":2},"val_loss":1.3515489846467972,"train_wf1":31.217152333095704,"val_mf1":25.189448827856374,"train_wa":30.868125084042585,"epoch":1,"train_mf1":29.57585884901932,"val_wa":31.07607775273482,"val_ua":37.27213541666667,"_runtime":2.446767363,"_step":0,"_timestamp":1.7354003272350662e+09,"val_wf1":29.589809491457558,"train_ua":32.27886584741423,"train_loss":1.3666631675535632,"learning_rate":0.0001}