{"train_ua":97.9541396103896,"val_ua":78.10274216524216,"train_loss":0.07009521956954684,"_wandb":{"runtime":262},"val_mf1":78.1997943026692,"train_wf1":97.95656163736946,"mean_val_ua":0.7674724002849003,"_timestamp":1.7357435722854238e+09,"epoch":100,"mean_test_ua":0.7373931623931623,"alpha":0.1,"_step":500,"_runtime":262.29548148,"mean_test_uf1":0.7386804220664976,"mean_val_uf1":0.7693827725307669,"mean_test_wa":0.7493804295587216,"val_wa":78.63252730874903,"mean_val_wa":0.774874609946535,"train_mf1":97.98852889671049,"learning_rate":2.7e-06,"mean_val_wf1":0.7672893583534622,"mean_test_wf1":0.7358002759726824,"val_loss":0.997226271364424,"train_wa":98.16552618312872,"val_wf1":78.1591524834512}