{"train_ua":96.04951298701299,"val_ua":76.9911858974359,"train_loss":0.12931254378386906,"_runtime":67.4929836,"train_wa":96.33585752677855,"_step":199,"val_loss":0.7041768908500672,"learning_rate":1.0000000000000006e-10,"val_wf1":76.9639289670678,"train_mf1":96.03841473218557,"train_wf1":96.05220046081963,"val_wa":78.22552570294758,"epoch":200,"_timestamp":1.7345053826923501e+09,"_wandb":{"runtime":67},"val_mf1":77.16520689252741}